Date,SubPlotID,Above_PAR,Below_PAR,LAI
2019-08-06,S1P3A,NA,NA,0.58
2019-08-06,S1P3B,NA,NA,1.12
2019-08-06,S1P3C,NA,NA,0.29
2019-08-06,S1P3D,NA,NA,0.36
2019-08-06,S1P4A,NA,NA,0.18
2019-08-06,S1P4B,NA,NA,0.89
2019-08-06,S1P4C,NA,NA,0.29
2019-08-06,S1P4D,NA,NA,0.36
2019-08-06,S1P5A,NA,NA,0.18
2019-08-06,S1P5B,NA,NA,0.89
2019-08-06,S1P5C,NA,NA,0.73
2019-08-06,S1P5D,NA,NA,0.89
2019-08-06,S1P6A,NA,NA,0.65
2019-08-06,S1P6B,NA,NA,0.97
2019-08-06,S1P6C,NA,NA,0.2
2019-08-06,S1P6D,NA,NA,0.23
2019-08-06,S2P3A,NA,NA,0.86
2019-08-06,S2P3B,NA,NA,0.24
2019-08-06,S2P3C,NA,NA,1.25
2019-08-06,S2P3D,NA,NA,0.71
2019-08-06,S2P4A,NA,NA,0.99
2019-08-06,S2P4B,NA,NA,0.29
2019-08-06,S2P4C,NA,NA,1.64
2019-08-06,S2P4D,NA,NA,0.58
2019-08-06,S2P5A,NA,NA,0.82
2019-08-06,S2P5B,NA,NA,0.7
2019-08-06,S2P5C,NA,NA,1.6
2019-08-06,S2P5D,NA,NA,0.72
2019-08-06,S2P6A,NA,NA,1.45
2019-08-06,S2P6B,NA,NA,0.82
2019-08-06,S2P6C,NA,NA,0.58
2019-08-06,S2P6D,NA,NA,0.85
2019-08-06,S3P3A,NA,NA,0.42
2019-08-06,S3P3B,NA,NA,1.3
2019-08-06,S3P3C,NA,NA,0.92
2019-08-06,S3P3D,NA,NA,0.38
2019-08-06,S3P4A,NA,NA,0.93
2019-08-06,S3P4B,NA,NA,2.03
2019-08-06,S3P4C,NA,NA,1.41
2019-08-06,S3P4D,NA,NA,1.54
2019-08-06,S3P5A,NA,NA,0.2
2019-08-06,S3P5B,NA,NA,0.83
2019-08-06,S3P5C,NA,NA,1.25
2019-08-06,S3P5D,NA,NA,0.25
2019-08-06,S3P6A,NA,NA,0.99
2019-08-06,S3P6B,NA,NA,1.52
2019-08-06,S3P6C,NA,NA,1.49
2019-08-06,S3P6D,NA,NA,0.41
2019-08-06,S4P3A,NA,NA,1.34
2019-08-06,S4P3B,NA,NA,0.67
2019-08-06,S4P3C,NA,NA,0.18
2019-08-06,S4P3D,NA,NA,1.42
2019-08-06,S4P4A,NA,NA,0.48
2019-08-06,S4P4B,NA,NA,0.59
2019-08-06,S4P4C,NA,NA,1.28
2019-08-06,S4P4D,NA,NA,0.64
2019-08-06,S4P5A,NA,NA,0.76
2019-08-06,S4P5B,NA,NA,0.48
2019-08-06,S4P5C,NA,NA,1.37
2019-08-06,S4P5D,NA,NA,0.82
2019-08-06,S4P6A,NA,NA,0.3
2019-08-06,S4P6B,NA,NA,0.78
2019-08-06,S4P6C,NA,NA,0.44
2019-08-06,S4P6D,NA,NA,1.69
2019-08-06,S5P3A,NA,NA,0.93
2019-08-06,S5P3B,NA,NA,1.27
2019-08-06,S5P3C,NA,NA,1.7
2019-08-06,S5P3D,NA,NA,0.37
2019-08-06,S5P4A,NA,NA,1.7
2019-08-06,S5P4B,NA,NA,1.03
2019-08-06,S5P4C,NA,NA,0.98
2019-08-06,S5P4D,NA,NA,1.09
2019-08-06,S5P5A,NA,NA,0.32
2019-08-06,S5P5B,NA,NA,1.35
2019-08-06,S5P5C,NA,NA,0.16
2019-08-06,S5P5D,NA,NA,0.08
2019-08-06,S5P6A,NA,NA,1.72
2019-08-06,S5P6B,NA,NA,1.83
2019-08-06,S5P6C,NA,NA,0.54
2019-08-06,S5P6D,NA,NA,1.24
2019-08-06,S6P3A,NA,NA,0.5
2019-08-06,S6P3B,NA,NA,2.29
2019-08-06,S6P3C,NA,NA,0.03
2019-08-06,S6P3D,NA,NA,0.25
2019-08-06,S6P4A,NA,NA,1.51
2019-08-06,S6P4B,NA,NA,1.52
2019-08-06,S6P4C,NA,NA,0.47
2019-08-06,S6P4D,NA,NA,1.96
2019-08-06,S6P5A,NA,NA,0.51
2019-08-06,S6P5B,NA,NA,0.8
2019-08-06,S6P5C,NA,NA,1.46
2019-08-06,S6P5D,NA,NA,0.16
2019-08-06,S6P6A,NA,NA,1
2019-08-06,S6P6B,NA,NA,1.06
2019-08-06,S6P6C,NA,NA,0.23
2019-08-06,S6P6D,NA,NA,1.58
2019-08-13,S1P3A,NA,NA,0.23
2019-08-13,S1P3B,NA,NA,0.59
2019-08-13,S1P3C,NA,NA,0.72
2019-08-13,S1P3D,NA,NA,0.36
2019-08-13,S1P4A,NA,NA,0.44
2019-08-13,S1P4B,NA,NA,1.08
2019-08-13,S1P4C,NA,NA,0.44
2019-08-13,S1P4D,NA,NA,1.14
2019-08-13,S1P5A,NA,NA,0.27
2019-08-13,S1P5B,NA,NA,0.81
2019-08-13,S1P5C,NA,NA,0.13
2019-08-13,S1P5D,NA,NA,0.32
2019-08-13,S1P6A,NA,NA,0.7
2019-08-13,S1P6B,NA,NA,0.44
2019-08-13,S1P6C,NA,NA,1.3
2019-08-13,S1P6D,NA,NA,1.26
2019-08-13,S2P3A,NA,NA,0.13
2019-08-13,S2P3B,NA,NA,0.55
2019-08-13,S2P3C,NA,NA,0.03
2019-08-13,S2P3D,NA,NA,0.53
2019-08-13,S2P4A,NA,NA,0.41
2019-08-13,S2P4B,NA,NA,0.89
2019-08-13,S2P4C,NA,NA,1.44
2019-08-13,S2P4D,NA,NA,0.64
2019-08-13,S2P5A,NA,NA,1.05
2019-08-13,S2P5B,NA,NA,0.99
2019-08-13,S2P5C,NA,NA,1.26
2019-08-13,S2P5D,NA,NA,0.62
2019-08-13,S2P6A,NA,NA,1.13
2019-08-13,S2P6B,NA,NA,0.76
2019-08-13,S2P6C,NA,NA,1.05
2019-08-13,S2P6D,NA,NA,0.76
2019-08-13,S3P3A,NA,NA,0.39
2019-08-13,S3P3B,NA,NA,0.43
2019-08-13,S3P3C,NA,NA,0.91
2019-08-13,S3P3D,NA,NA,0.3
2019-08-13,S3P4A,NA,NA,0.93
2019-08-13,S3P4B,NA,NA,1.2
2019-08-13,S3P4C,NA,NA,0.72
2019-08-13,S3P4D,NA,NA,1.14
2019-08-13,S3P5A,NA,NA,0.06
2019-08-13,S3P5B,NA,NA,0.41
2019-08-13,S3P5C,NA,NA,0.57
2019-08-13,S3P5D,NA,NA,0.12
2019-08-13,S3P6A,NA,NA,0.52
2019-08-13,S3P6B,NA,NA,1.35
2019-08-13,S3P6C,NA,NA,1.04
2019-08-13,S3P6D,NA,NA,0.4
2019-08-13,S4P3A,NA,NA,0.84
2019-08-13,S4P3B,NA,NA,0.34
2019-08-13,S4P3C,NA,NA,0.56
2019-08-13,S4P3D,NA,NA,1.51
2019-08-13,S4P4A,NA,NA,0.63
2019-08-13,S4P4B,NA,NA,0.54
2019-08-13,S4P4C,NA,NA,1.14
2019-08-13,S4P4D,NA,NA,0.57
2019-08-13,S4P5A,NA,NA,1.06
2019-08-13,S4P5B,NA,NA,0.54
2019-08-13,S4P5C,NA,NA,1.51
2019-08-13,S4P5D,NA,NA,0.85
2019-08-13,S4P6A,NA,NA,0.18
2019-08-13,S4P6B,NA,NA,0.81
2019-08-13,S4P6C,NA,NA,0.36
2019-08-13,S4P6D,NA,NA,1.35
2019-08-13,S5P3A,NA,NA,0.66
2019-08-13,S5P3B,NA,NA,0.71
2019-08-13,S5P3C,NA,NA,1.4
2019-08-13,S5P3D,NA,NA,0.23
2019-08-13,S5P4A,NA,NA,1.11
2019-08-13,S5P4B,NA,NA,0.52
2019-08-13,S5P4C,NA,NA,0.79
2019-08-13,S5P4D,NA,NA,1.06
2019-08-13,S5P5A,NA,NA,0.36
2019-08-13,S5P5B,NA,NA,0.98
2019-08-13,S5P5C,NA,NA,0.06
2019-08-13,S5P5D,NA,NA,0.11
2019-08-13,S5P6A,NA,NA,1.43
2019-08-13,S5P6B,NA,NA,1.44
2019-08-13,S5P6C,NA,NA,0.63
2019-08-13,S5P6D,NA,NA,1.06
2019-08-13,S6P3A,NA,NA,0.74
2019-08-13,S6P3B,NA,NA,1.22
2019-08-13,S6P3C,NA,NA,0.06
2019-08-13,S6P3D,NA,NA,0.09
2019-08-13,S6P4A,NA,NA,1
2019-08-13,S6P4B,NA,NA,1.73
2019-08-13,S6P4C,NA,NA,0.74
2019-08-13,S6P4D,NA,NA,1.07
2019-08-13,S6P5A,NA,NA,0.16
2019-08-13,S6P5B,NA,NA,0.67
2019-08-13,S6P5C,NA,NA,1.2
2019-08-13,S6P5D,NA,NA,0.1
2019-08-13,S6P6A,NA,NA,0.4
2019-08-13,S6P6B,NA,NA,1.09
2019-08-13,S6P6C,NA,NA,0.32
2019-08-13,S6P6D,NA,NA,1.29
2019-08-20,S1P3A,NA,NA,0.07
2019-08-20,S1P3B,NA,NA,0.04
2019-08-20,S1P3C,NA,NA,0.38
2019-08-20,S1P3D,NA,NA,0.06
2019-08-20,S1P4A,NA,NA,0.31
2019-08-20,S1P4B,NA,NA,0.33
2019-08-20,S1P4C,NA,NA,0.07
2019-08-20,S1P4D,NA,NA,0.12
2019-08-20,S1P5A,NA,NA,0.09
2019-08-20,S1P5B,NA,NA,0.09
2019-08-20,S1P5C,NA,NA,0.06
2019-08-20,S1P5D,NA,NA,0.21
2019-08-20,S1P6A,NA,NA,0.02
2019-08-20,S1P6B,NA,NA,0.32
2019-08-20,S1P6C,NA,NA,0.1
2019-08-20,S1P6D,NA,NA,0.87
2019-08-20,S2P3A,NA,NA,0.04
2019-08-20,S2P3B,NA,NA,0
2019-08-20,S2P3C,NA,NA,0.04
2019-08-20,S2P3D,NA,NA,0.04
2019-08-20,S2P4A,NA,NA,0
2019-08-20,S2P4B,NA,NA,0.21
2019-08-20,S2P4C,NA,NA,1.14
2019-08-20,S2P4D,NA,NA,0.04
2019-08-20,S2P5A,NA,NA,0.69
2019-08-20,S2P5B,NA,NA,0.52
2019-08-20,S2P5C,NA,NA,0.13
2019-08-20,S2P5D,NA,NA,0.14
2019-08-20,S2P6A,NA,NA,0.03
2019-08-20,S2P6B,NA,NA,0.01
2019-08-20,S2P6C,NA,NA,0.42
2019-08-20,S2P6D,NA,NA,0.91
2019-08-20,S3P3A,NA,NA,0.14
2019-08-20,S3P3B,NA,NA,0.04
2019-08-20,S3P3C,NA,NA,0.06
2019-08-20,S3P3D,NA,NA,0.13
2019-08-20,S3P4A,NA,NA,0.01
2019-08-20,S3P4B,NA,NA,0.74
2019-08-20,S3P4C,NA,NA,0.05
2019-08-20,S3P4D,NA,NA,0.44
2019-08-20,S3P5A,NA,NA,0.04
2019-08-20,S3P5B,NA,NA,0.01
2019-08-20,S3P5C,NA,NA,0.12
2019-08-20,S3P5D,NA,NA,0.07
2019-08-20,S3P6A,NA,NA,0.12
2019-08-20,S3P6B,NA,NA,0.85
2019-08-20,S3P6C,NA,NA,0.13
2019-08-20,S3P6D,NA,NA,0.11
2019-08-20,S4P3A,NA,NA,0.04
2019-08-20,S4P3B,NA,NA,0.17
2019-08-20,S4P3C,NA,NA,0.13
2019-08-20,S4P3D,NA,NA,0.05
2019-08-20,S4P4A,NA,NA,0.08
2019-08-20,S4P4B,NA,NA,0.03
2019-08-20,S4P4C,NA,NA,0.61
2019-08-20,S4P4D,NA,NA,0.11
2019-08-20,S4P5A,NA,NA,0.44
2019-08-20,S4P5B,NA,NA,0.26
2019-08-20,S4P5C,NA,NA,0.07
2019-08-20,S4P5D,NA,NA,0.05
2019-08-20,S4P6A,NA,NA,0.05
2019-08-20,S4P6B,NA,NA,0.03
2019-08-20,S4P6C,NA,NA,0.02
2019-08-20,S4P6D,NA,NA,0.04
2019-08-20,S5P3A,NA,NA,0.37
2019-08-20,S5P3B,NA,NA,0.02
2019-08-20,S5P3C,NA,NA,0.02
2019-08-20,S5P3D,NA,NA,0.08
2019-08-20,S5P4A,NA,NA,0.33
2019-08-20,S5P4B,NA,NA,0.08
2019-08-20,S5P4C,NA,NA,0.03
2019-08-20,S5P4D,NA,NA,0.06
2019-08-20,S5P5A,NA,NA,0.02
2019-08-20,S5P5B,NA,NA,0.04
2019-08-20,S5P5C,NA,NA,0.06
2019-08-20,S5P5D,NA,NA,0.01
2019-08-20,S5P6A,NA,NA,0.02
2019-08-20,S5P6B,NA,NA,0.04
2019-08-20,S5P6C,NA,NA,0.34
2019-08-20,S5P6D,NA,NA,0.55
2019-08-20,S6P3A,NA,NA,0.15
2019-08-20,S6P3B,NA,NA,0
2019-08-20,S6P3C,NA,NA,0
2019-08-20,S6P3D,NA,NA,0.25
2019-08-20,S6P4A,NA,NA,0.82
2019-08-20,S6P4B,NA,NA,0.05
2019-08-20,S6P4C,NA,NA,0.45
2019-08-20,S6P4D,NA,NA,0.04
2019-08-20,S6P5A,NA,NA,0.05
2019-08-20,S6P5B,NA,NA,0.04
2019-08-20,S6P5C,NA,NA,0.1
2019-08-20,S6P5D,NA,NA,0.16
2019-08-20,S6P6A,NA,NA,0
2019-08-20,S6P6B,NA,NA,0.27
2019-08-20,S6P6C,NA,NA,0.14
2019-08-20,S6P6D,NA,NA,0.09
2019-08-27,S1P3A,NA,NA,0.04
2019-08-27,S1P3B,NA,NA,0.05
2019-08-27,S1P3C,NA,NA,0.09
2019-08-27,S1P3D,NA,NA,0.05
2019-08-27,S1P4A,NA,NA,0.03
2019-08-27,S1P4B,NA,NA,0.06
2019-08-27,S1P4C,NA,NA,0.05
2019-08-27,S1P4D,NA,NA,0.15
2019-08-27,S1P5A,NA,NA,0.02
2019-08-27,S1P5B,NA,NA,0.04
2019-08-27,S1P5C,NA,NA,0
2019-08-27,S1P5D,NA,NA,0.17
2019-08-27,S1P6A,NA,NA,0.09
2019-08-27,S1P6B,NA,NA,0.05
2019-08-27,S1P6C,NA,NA,0.15
2019-08-27,S1P6D,NA,NA,0.09
2019-08-27,S2P3A,NA,NA,0.03
2019-08-27,S2P3B,NA,NA,0.1
2019-08-27,S2P3C,NA,NA,0.01
2019-08-27,S2P3D,NA,NA,0.07
2019-08-27,S2P4A,NA,NA,0.08
2019-08-27,S2P4B,NA,NA,0.07
2019-08-27,S2P4C,NA,NA,0.13
2019-08-27,S2P4D,NA,NA,0.06
2019-08-27,S2P5A,NA,NA,0.11
2019-08-27,S2P5B,NA,NA,0.08
2019-08-27,S2P5C,NA,NA,0.21
2019-08-27,S2P5D,NA,NA,0.26
2019-08-27,S2P6A,NA,NA,0.29
2019-08-27,S2P6B,NA,NA,0.11
2019-08-27,S2P6C,NA,NA,0.05
2019-08-27,S2P6D,NA,NA,0.04
2019-08-27,S3P3A,NA,NA,0.07
2019-08-27,S3P3B,NA,NA,0.23
2019-08-27,S3P3C,NA,NA,0.06
2019-08-27,S3P3D,NA,NA,0.06
2019-08-27,S3P4A,NA,NA,0.07
2019-08-27,S3P4B,NA,NA,0.08
2019-08-27,S3P4C,NA,NA,0.2
2019-08-27,S3P4D,NA,NA,0.1
2019-08-27,S3P5A,NA,NA,0.04
2019-08-27,S3P5B,NA,NA,0.06
2019-08-27,S3P5C,NA,NA,0.12
2019-08-27,S3P5D,NA,NA,0.04
2019-08-27,S3P6A,NA,NA,0.06
2019-08-27,S3P6B,NA,NA,0.02
2019-08-27,S3P6C,NA,NA,0.15
2019-08-27,S3P6D,NA,NA,0.06
2019-08-27,S4P3A,NA,NA,0.13
2019-08-27,S4P3B,NA,NA,0.06
2019-08-27,S4P3C,NA,NA,0.09
2019-08-27,S4P3D,NA,NA,0.12
2019-08-27,S4P4A,NA,NA,0.04
2019-08-27,S4P4B,NA,NA,0.04
2019-08-27,S4P4C,NA,NA,0.08
2019-08-27,S4P4D,NA,NA,0.09
2019-08-27,S4P5A,NA,NA,0.06
2019-08-27,S4P5B,NA,NA,0.06
2019-08-27,S4P5C,NA,NA,0.23
2019-08-27,S4P5D,NA,NA,0.1
2019-08-27,S4P6A,NA,NA,0.01
2019-08-27,S4P6B,NA,NA,0.05
2019-08-27,S4P6C,NA,NA,0.04
2019-08-27,S4P6D,NA,NA,0.28
2019-08-27,S5P3A,NA,NA,0.06
2019-08-27,S5P3B,NA,NA,0.16
2019-08-27,S5P3C,NA,NA,0.46
2019-08-27,S5P3D,NA,NA,0.03
2019-08-27,S5P4A,NA,NA,0.12
2019-08-27,S5P4B,NA,NA,0.07
2019-08-27,S5P4C,NA,NA,0.06
2019-08-27,S5P4D,NA,NA,0.25
2019-08-27,S5P5A,NA,NA,0.05
2019-08-27,S5P5B,NA,NA,0.16
2019-08-27,S5P5C,NA,NA,0.04
2019-08-27,S5P5D,NA,NA,0.03
2019-08-27,S5P6A,NA,NA,0.37
2019-08-27,S5P6B,NA,NA,0.15
2019-08-27,S5P6C,NA,NA,0.04
2019-08-27,S5P6D,NA,NA,0.08
2019-08-27,S6P3A,NA,NA,0.05
2019-08-27,S6P3B,NA,NA,0.3
2019-08-27,S6P3C,NA,NA,0.04
2019-08-27,S6P3D,NA,NA,0.03
2019-08-27,S6P4A,NA,NA,0.06
2019-08-27,S6P4B,NA,NA,0.11
2019-08-27,S6P4C,NA,NA,0.07
2019-08-27,S6P4D,NA,NA,0.24
2019-08-27,S6P5A,NA,NA,0.06
2019-08-27,S6P5B,NA,NA,0.05
2019-08-27,S6P5C,NA,NA,0.07
2019-08-27,S6P5D,NA,NA,0.04
2019-08-27,S6P6A,NA,NA,0.03
2019-08-27,S6P6B,NA,NA,0.02
2019-08-27,S6P6C,NA,NA,0.03
2019-08-27,S6P6D,NA,NA,0.06
2019-09-03,S1P3A,NA,NA,0.08
2019-09-03,S1P3B,NA,NA,0.04
2019-09-03,S1P3C,NA,NA,0.03
2019-09-03,S1P3D,NA,NA,0
2019-09-03,S1P4A,NA,NA,0.06
2019-09-03,S1P4B,NA,NA,0.07
2019-09-03,S1P4C,NA,NA,0.42
2019-09-03,S1P4D,NA,NA,0.07
2019-09-03,S1P5A,NA,NA,0.09
2019-09-03,S1P5B,NA,NA,0.06
2019-09-03,S1P5C,NA,NA,0.11
2019-09-03,S1P5D,NA,NA,0.03
2019-09-03,S1P6A,NA,NA,0.11
2019-09-03,S1P6B,NA,NA,0.02
2019-09-03,S1P6C,NA,NA,0.13
2019-09-03,S1P6D,NA,NA,0.02
2019-09-03,S2P3A,NA,NA,0.11
2019-09-03,S2P3B,NA,NA,0.22
2019-09-03,S2P3C,NA,NA,0.05
2019-09-03,S2P3D,NA,NA,0.13
2019-09-03,S2P4A,NA,NA,0.06
2019-09-03,S2P4B,NA,NA,0.04
2019-09-03,S2P4C,NA,NA,0.01
2019-09-03,S2P4D,NA,NA,0.1
2019-09-03,S2P5A,NA,NA,0.04
2019-09-03,S2P5B,NA,NA,0.14
2019-09-03,S2P5C,NA,NA,0.79
2019-09-03,S2P5D,NA,NA,0.06
2019-09-03,S2P6A,NA,NA,0.8
2019-09-03,S2P6B,NA,NA,0.13
2019-09-03,S2P6C,NA,NA,0.11
2019-09-03,S2P6D,NA,NA,0
2019-09-03,S3P3A,NA,NA,0.05
2019-09-03,S3P3B,NA,NA,0.26
2019-09-03,S3P3C,NA,NA,0.02
2019-09-03,S3P3D,NA,NA,0.08
2019-09-03,S3P4A,NA,NA,0.21
2019-09-03,S3P4B,NA,NA,0.05
2019-09-03,S3P4C,NA,NA,0.31
2019-09-03,S3P4D,NA,NA,0.03
2019-09-03,S3P5A,NA,NA,0.04
2019-09-03,S3P5B,NA,NA,0.01
2019-09-03,S3P5C,NA,NA,0.16
2019-09-03,S3P5D,NA,NA,0.01
2019-09-03,S3P6A,NA,NA,0.06
2019-09-03,S3P6B,NA,NA,0.04
2019-09-03,S3P6C,NA,NA,0.21
2019-09-03,S3P6D,NA,NA,0
2019-09-03,S4P3A,NA,NA,0.2
2019-09-03,S4P3B,NA,NA,0.05
2019-09-03,S4P3C,NA,NA,0.05
2019-09-03,S4P3D,NA,NA,0.42
2019-09-03,S4P4A,NA,NA,0.04
2019-09-03,S4P4B,NA,NA,0
2019-09-03,S4P4C,NA,NA,0.06
2019-09-03,S4P4D,NA,NA,0.17
2019-09-03,S4P5A,NA,NA,0.05
2019-09-03,S4P5B,NA,NA,0.14
2019-09-03,S4P5C,NA,NA,0.78
2019-09-03,S4P5D,NA,NA,0.1
2019-09-03,S4P6A,NA,NA,0.03
2019-09-03,S4P6B,NA,NA,0.01
2019-09-03,S4P6C,NA,NA,0.05
2019-09-03,S4P6D,NA,NA,0.47
2019-09-03,S5P3A,NA,NA,0.11
2019-09-03,S5P3B,NA,NA,0.19
2019-09-03,S5P3C,NA,NA,1.86
2019-09-03,S5P3D,NA,NA,0.09
2019-09-03,S5P4A,NA,NA,0.37
2019-09-03,S5P4B,NA,NA,0.05
2019-09-03,S5P4C,NA,NA,0.08
2019-09-03,S5P4D,NA,NA,0.53
2019-09-03,S5P5A,NA,NA,0.21
2019-09-03,S5P5B,NA,NA,0.39
2019-09-03,S5P5C,NA,NA,0.17
2019-09-03,S5P5D,NA,NA,0.05
2019-09-03,S5P6A,NA,NA,1.73
2019-09-03,S5P6B,NA,NA,0.09
2019-09-03,S5P6C,NA,NA,0.09
2019-09-03,S5P6D,NA,NA,0.18
2019-09-03,S6P3A,NA,NA,0.12
2019-09-03,S6P3B,NA,NA,0.52
2019-09-03,S6P3C,NA,NA,0.14
2019-09-03,S6P3D,NA,NA,0.19
2019-09-03,S6P4A,NA,NA,0.11
2019-09-03,S6P4B,NA,NA,0.07
2019-09-03,S6P4C,NA,NA,0.07
2019-09-03,S6P4D,NA,NA,0.69
2019-09-03,S6P5A,NA,NA,0.64
2019-09-03,S6P5B,NA,NA,0.03
2019-09-03,S6P5C,NA,NA,0.37
2019-09-03,S6P5D,NA,NA,0.14
2019-09-03,S6P6A,NA,NA,0.08
2019-09-03,S6P6B,NA,NA,0.01
2019-09-03,S6P6C,NA,NA,0.14
2019-09-03,S6P6D,NA,NA,0.55
2019-09-10,S1P3A,NA,NA,0.06
2019-09-10,S1P3B,NA,NA,0.17
2019-09-10,S1P3C,NA,NA,0.12
2019-09-10,S1P3D,NA,NA,0.07
2019-09-10,S1P4A,NA,NA,0.1
2019-09-10,S1P4B,NA,NA,0.13
2019-09-10,S1P4C,NA,NA,0.91
2019-09-10,S1P4D,NA,NA,0.35
2019-09-10,S1P5A,NA,NA,0.2
2019-09-10,S1P5B,NA,NA,0.7
2019-09-10,S1P5C,NA,NA,0.11
2019-09-10,S1P5D,NA,NA,0.11
2019-09-10,S1P6A,NA,NA,0.93
2019-09-10,S1P6B,NA,NA,0.09
2019-09-10,S1P6C,NA,NA,0.45
2019-09-10,S1P6D,NA,NA,0.3
2019-09-10,S2P3A,NA,NA,0.11
2019-09-10,S2P3B,NA,NA,0.23
2019-09-10,S2P3C,NA,NA,0.1
2019-09-10,S2P3D,NA,NA,0.03
2019-09-10,S2P4A,NA,NA,0.18
2019-09-10,S2P4B,NA,NA,0.08
2019-09-10,S2P4C,NA,NA,0.03
2019-09-10,S2P4D,NA,NA,0.05
2019-09-10,S2P5A,NA,NA,0.07
2019-09-10,S2P5B,NA,NA,0.09
2019-09-10,S2P5C,NA,NA,0.97
2019-09-10,S2P5D,NA,NA,0.06
2019-09-10,S2P6A,NA,NA,1.12
2019-09-10,S2P6B,NA,NA,0.06
2019-09-10,S2P6C,NA,NA,0.07
2019-09-10,S2P6D,NA,NA,0.08
2019-09-10,S3P3A,NA,NA,0.1
2019-09-10,S3P3B,NA,NA,0.77
2019-09-10,S3P3C,NA,NA,0.18
2019-09-10,S3P3D,NA,NA,0.11
2019-09-10,S3P4A,NA,NA,0.06
2019-09-10,S3P4B,NA,NA,0.06
2019-09-10,S3P4C,NA,NA,0.86
2019-09-10,S3P4D,NA,NA,0.05
2019-09-10,S3P5A,NA,NA,0.01
2019-09-10,S3P5B,NA,NA,0.04
2019-09-10,S3P5C,NA,NA,0.19
2019-09-10,S3P5D,NA,NA,0.05
2019-09-10,S3P6A,NA,NA,0.03
2019-09-10,S3P6B,NA,NA,0.04
2019-09-10,S3P6C,NA,NA,0.03
2019-09-10,S3P6D,NA,NA,0.31
2019-09-10,S4P3A,NA,NA,0.08
2019-09-10,S4P3B,NA,NA,0.11
2019-09-10,S4P3C,NA,NA,0.01
2019-09-10,S4P3D,NA,NA,0.03
2019-09-10,S4P4A,NA,NA,1.31
2019-09-10,S4P4B,NA,NA,0.06
2019-09-10,S4P4C,NA,NA,0.16
2019-09-10,S4P4D,NA,NA,0.09
2019-09-10,S4P5A,NA,NA,0.03
2019-09-10,S4P5B,NA,NA,0.06
2019-09-10,S4P5C,NA,NA,0.17
2019-09-10,S4P5D,NA,NA,1.28
2019-09-10,S4P6A,NA,NA,0.06
2019-09-10,S4P6B,NA,NA,0.04
2019-09-10,S4P6C,NA,NA,0.1
2019-09-10,S4P6D,NA,NA,0
2019-09-10,S5P3A,NA,NA,0.46
2019-09-10,S5P3B,NA,NA,0.15
2019-09-10,S5P3C,NA,NA,0.16
2019-09-10,S5P3D,NA,NA,1.15
2019-09-10,S5P4A,NA,NA,0.05
2019-09-10,S5P4B,NA,NA,0.07
2019-09-10,S5P4C,NA,NA,0.07
2019-09-10,S5P4D,NA,NA,0.01
2019-09-10,S5P5A,NA,NA,0.65
2019-09-10,S5P5B,NA,NA,0.09
2019-09-10,S5P5C,NA,NA,0.92
2019-09-10,S5P5D,NA,NA,0.02
2019-09-10,S5P6A,NA,NA,0.01
2019-09-10,S5P6B,NA,NA,1.72
2019-09-10,S5P6C,NA,NA,0.21
2019-09-10,S5P6D,NA,NA,0.04
2019-09-10,S6P3A,NA,NA,0.08
2019-09-10,S6P3B,NA,NA,0.14
2019-09-10,S6P3C,NA,NA,0.94
2019-09-10,S6P3D,NA,NA,0.04
2019-09-10,S6P4A,NA,NA,0.06
2019-09-10,S6P4B,NA,NA,0.18
2019-09-10,S6P4C,NA,NA,0.3
2019-09-10,S6P4D,NA,NA,0.02
2019-09-10,S6P5A,NA,NA,2.22
2019-09-10,S6P5B,NA,NA,0.71
2019-09-10,S6P5C,NA,NA,0.12
2019-09-10,S6P5D,NA,NA,0.16
2019-09-10,S6P6A,NA,NA,0.01
2019-09-10,S6P6B,NA,NA,0.08
2019-09-10,S6P6C,NA,NA,0.02
2019-09-10,S6P6D,NA,NA,0.54
2019-09-17,S1P3A,NA,NA,0.07
2019-09-17,S1P3B,NA,NA,0.05
2019-09-17,S1P3C,NA,NA,0.08
2019-09-17,S1P3D,NA,NA,0.11
2019-09-17,S1P4A,NA,NA,0.06
2019-09-17,S1P4B,NA,NA,0.08
2019-09-17,S1P4C,NA,NA,0.73
2019-09-17,S1P4D,NA,NA,0.25
2019-09-17,S1P5A,NA,NA,0.05
2019-09-17,S1P5B,NA,NA,0.17
2019-09-17,S1P5C,NA,NA,0.14
2019-09-17,S1P5D,NA,NA,0.04
2019-09-17,S1P6A,NA,NA,0.33
2019-09-17,S1P6B,NA,NA,0.09
2019-09-17,S1P6C,NA,NA,0.36
2019-09-17,S1P6D,NA,NA,0.15
2019-09-17,S2P3A,NA,NA,0.06
2019-09-17,S2P3B,NA,NA,0.4
2019-09-17,S2P3C,NA,NA,0.03
2019-09-17,S2P3D,NA,NA,0.07
2019-09-17,S2P4A,NA,NA,0.25
2019-09-17,S2P4B,NA,NA,0.06
2019-09-17,S2P4C,NA,NA,0.07
2019-09-17,S2P4D,NA,NA,0.1
2019-09-17,S2P5A,NA,NA,0.1
2019-09-17,S2P5B,NA,NA,0.1
2019-09-17,S2P5C,NA,NA,1.31
2019-09-17,S2P5D,NA,NA,0.2
2019-09-17,S2P6A,NA,NA,1.14
2019-09-17,S2P6B,NA,NA,0.25
2019-09-17,S2P6C,NA,NA,0.11
2019-09-17,S2P6D,NA,NA,0.08
2019-09-17,S3P3A,NA,NA,0.12
2019-09-17,S3P3B,NA,NA,0.71
2019-09-17,S3P3C,NA,NA,0.25
2019-09-17,S3P3D,NA,NA,0.1
2019-09-17,S3P4A,NA,NA,0.21
2019-09-17,S3P4B,NA,NA,0.06
2019-09-17,S3P4C,NA,NA,0.94
2019-09-17,S3P4D,NA,NA,0.1
2019-09-17,S3P5A,NA,NA,0.04
2019-09-17,S3P5B,NA,NA,0.04
2019-09-17,S3P5C,NA,NA,1.11
2019-09-17,S3P5D,NA,NA,0.05
2019-09-17,S3P6A,NA,NA,0.09
2019-09-17,S3P6B,NA,NA,0.05
2019-09-17,S3P6C,NA,NA,0.51
2019-09-17,S3P6D,NA,NA,0.09
2019-09-17,S4P3A,NA,NA,0.14
2019-09-17,S4P3B,NA,NA,0.08
2019-09-17,S4P3C,NA,NA,0.21
2019-09-17,S4P3D,NA,NA,1.52
2019-09-17,S4P4A,NA,NA,0.03
2019-09-17,S4P4B,NA,NA,0.13
2019-09-17,S4P4C,NA,NA,0.37
2019-09-17,S4P4D,NA,NA,0.52
2019-09-17,S4P5A,NA,NA,0.05
2019-09-17,S4P5B,NA,NA,0.06
2019-09-17,S4P5C,NA,NA,1.36
2019-09-17,S4P5D,NA,NA,0.3
2019-09-17,S4P6A,NA,NA,0.04
2019-09-17,S4P6B,NA,NA,0.02
2019-09-17,S4P6C,NA,NA,0.02
2019-09-17,S4P6D,NA,NA,0.85
2019-09-17,S5P3A,NA,NA,0.07
2019-09-17,S5P3B,NA,NA,0.17
2019-09-17,S5P3C,NA,NA,1.82
2019-09-17,S5P3D,NA,NA,0.05
2019-09-17,S5P4A,NA,NA,0.05
2019-09-17,S5P4B,NA,NA,0.06
2019-09-17,S5P4C,NA,NA,0.08
2019-09-17,S5P4D,NA,NA,0.77
2019-09-17,S5P5A,NA,NA,0.05
2019-09-17,S5P5B,NA,NA,0.94
2019-09-17,S5P5C,NA,NA,0.05
2019-09-17,S5P5D,NA,NA,0.02
2019-09-17,S5P6A,NA,NA,2.88
2019-09-17,S5P6B,NA,NA,0.26
2019-09-17,S5P6C,NA,NA,0.08
2019-09-17,S5P6D,NA,NA,0.03
2019-09-17,S6P3A,NA,NA,0.05
2019-09-17,S6P3B,NA,NA,0.49
2019-09-17,S6P3C,NA,NA,0.05
2019-09-17,S6P3D,NA,NA,0.09
2019-09-17,S6P4A,NA,NA,0.05
2019-09-17,S6P4B,NA,NA,0.38
2019-09-17,S6P4C,NA,NA,0.09
2019-09-17,S6P4D,NA,NA,1.53
2019-09-17,S6P5A,NA,NA,0.05
2019-09-17,S6P5B,NA,NA,0.06
2019-09-17,S6P5C,NA,NA,0.1
2019-09-17,S6P5D,NA,NA,0.03
2019-09-17,S6P6A,NA,NA,0.03
2019-09-17,S6P6B,NA,NA,0.09
2019-09-17,S6P6C,NA,NA,0.08
2019-09-17,S6P6D,NA,NA,0.4
2019-09-25,S1P2B,1500.9,1408,0.12
2019-09-25,S1P2C,1322.2,1154.4,0.27
2019-09-25,S1P2D,1161.6,1082.6,0.27
2019-09-25,S1P7A,1478.7,1473.9,0.02
2019-09-25,S1P7B,1491.2,1483.6,0.04
2019-09-25,S1P7C,1228.5,1230.1,0.12
2019-09-25,S1P7D,1291.8,1181.6,0.2
2019-09-25,S1P8A,1343.4,1481.4,0.02
2019-09-25,S1P8B,1428.1,1410.2,0.04
2019-09-25,S1P8C,1145.8,1058,0.16
2019-09-25,S1P8D,1271.8,1255.1,0.13
2019-09-25,S2P1A,1434.5,1469.1,0.04
2019-09-25,S2P1B,1463.2,1462.2,0.05
2019-09-25,S2P1C,1265.2,1246.5,0.08
2019-09-25,S2P1D,1269.7,1176.1,0.19
2019-09-25,S2P2A,1451.5,1477.5,0.02
2019-09-25,S2P2B,1481.2,1442.9,0.09
2019-09-25,S2P2C,1255.5,1215.5,0.15
2019-09-25,S2P2D,1219.2,1205.5,0.17
2019-09-25,S2P7A,1457.2,1496.2,0.02
2019-09-25,S2P7B,1486.8,1402.5,0.1
2019-09-25,S2P7C,1316.3,1106.9,0.34
2019-09-25,S2P7D,1247.4,1107.2,0.31
2019-09-25,S2P8A,1385.4,1498.5,0.04
2019-09-25,S2P8B,1440,1294.2,0.22
2019-09-25,S2P8C,1212.4,1119.7,0.23
2019-09-25,S2P8D,1242.2,807.1,0.73
2019-09-25,S3P1A,1449.3,1343.5,0.22
2019-09-25,S3P1B,1475.6,1353.1,0.18
2019-09-25,S3P1C,1252.2,846.3,0.69
2019-09-25,S3P1D,1237.1,939.2,0.67
2019-09-25,S3P7A,1501.7,1501.9,0.03
2019-09-25,S3P7B,1445.3,1519,0.02
2019-09-25,S3P7C,1220.1,1285.2,0.12
2019-09-25,S3P7D,1363.2,1184.9,0.28
2019-09-25,S3P8A,1506.1,1517.1,0.03
2019-09-25,S3P8B,1446.1,1432.1,0.07
2019-09-25,S3P8C,1215,1230,0.08
2019-09-25,S3P8D,1112,1191.3,0.1
2019-09-25,S4P1A,1464.2,1409.6,0.1
2019-09-25,S4P1B,1493.6,1476.7,0.03
2019-09-25,S4P1C,1150.8,1003.8,0.37
2019-09-25,S4P1D,1339.7,1048.6,0.45
2019-09-25,S4P2A,1511,1413.2,0.12
2019-09-25,S4P2B,1485.1,1460.7,0.06
2019-09-25,S4P2C,1199.8,1009,0.31
2019-09-25,S4P2D,1108.5,1069.6,0.24
2019-09-25,S4P7A,1521.9,1481.1,0.11
2019-09-25,S4P7B,1454.6,1520.8,0
2019-09-25,S4P7C,1345.5,1005.1,0.5
2019-09-25,S4P7D,1233.8,1120.1,0.25
2019-09-25,S4P8A,1483.9,1433.1,0.13
2019-09-25,S4P8B,1551.2,1446.6,0.12
2019-09-25,S4P8C,1251.8,1046.8,0.37
2019-09-25,S4P8D,1177.2,1149.9,0.25
2019-09-25,S5P1A,1465.6,1454.6,0.06
2019-09-25,S5P1B,1551.9,1552.1,0.04
2019-09-25,S5P1C,1129.7,1157.5,0.11
2019-09-25,S5P1D,1260.8,1127.1,0.22
2019-09-25,S5P2A,1505.5,1522.3,0.02
2019-09-25,S5P2B,1567.2,1501.2,0.1
2019-09-25,S5P2C,1198.8,1126.5,0.12
2019-09-25,S5P2D,1281,1126.3,0.23
2019-09-25,S5P7A,1420.6,1435.9,0.03
2019-09-25,S5P7B,1498.9,1515.5,0.03
2019-09-25,S5P7C,1218.1,1118.5,0.27
2019-09-25,S5P7D,1113.3,1211.4,0.03
2019-09-25,S5P8A,1425.3,1471.5,0.04
2019-09-25,S5P8B,1470.1,1497.7,0.04
2019-09-25,S5P8C,1213.8,1010.7,0.41
2019-09-25,S5P8D,1248.6,1059.9,0.48
2019-09-25,S6P1A,1543.6,1072.8,0.72
2019-09-25,S6P1B,1504.1,1110.4,0.51
2019-09-25,S6P1C,1322,1019.6,0.5
2019-09-25,S6P1D,1244.9,1134,0.29
2019-09-25,S6P2A,1471.6,1452.5,0.1
2019-09-25,S6P2B,1517.2,1538.6,0.02
2019-09-25,S6P2C,1295.3,1140,0.27
2019-09-25,S6P2D,1147.2,1012,0.23
2019-09-25,S6P7A,1393.5,1501.1,0.01
2019-09-25,S6P7B,1486.9,1523.2,0.03
2019-09-25,S6P7C,1260.1,1169.3,0.28
2019-09-25,S6P7D,1130.8,1072,0.35
2019-09-25,S6P8A,1444.8,1456.1,0.07
2019-09-25,S6P8B,1463.8,1444.1,0.09
2019-09-25,S6P8C,1317.1,1122.6,0.33
2019-09-25,S6P8D,1162,1020,0.3
2019-10-16,S1P1A,285.8,269.2,0.07
2019-10-16,S1P1A,285.8,269.2,0.07
2019-10-16,S1P1B,280.4,266,0.06
2019-10-16,S1P1B,280.4,266,0.06
2019-10-16,S1P1C,278.3,263.2,0.07
2019-10-16,S1P1C,278.3,263.2,0.07
2019-10-16,S1P1D,282.8,274.3,0.05
2019-10-16,S1P1D,282.8,274.3,0.05
2019-10-16,S1P2A,272.8,259.1,0.07
2019-10-16,S1P2B,278.1,259.3,0.11
2019-10-16,S1P2C,280.1,265.9,0.07
2019-10-16,S1P2D,281.2,262,0.09
2019-10-16,S1P3A,277.1,260.8,0.07
2019-10-16,S1P3B,274.1,258.6,0.07
2019-10-16,S1P3C,273.5,261.1,0.06
2019-10-16,S1P3D,199.3,257.9,0.08
2019-10-16,S1P4A,265.3,252.1,0.06
2019-10-16,S1P4B,266.6,251.7,0.07
2019-10-16,S1P4C,261.7,168.4,0.62
2019-10-16,S1P4D,267.7,255.1,0.08
2019-10-16,S1P5A,270.3,251.2,0.09
2019-10-16,S1P5B,269.5,243.8,0.12
2019-10-16,S1P5C,267.7,261.2,0.05
2019-10-16,S1P5D,276.9,258.3,0.08
2019-10-16,S1P6A,286.8,237.4,0.23
2019-10-16,S1P6B,287.6,273.7,0.06
2019-10-16,S1P6C,291.1,265.8,0.11
2019-10-16,S1P6D,290.1,273.8,0.07
2019-10-16,S1P7A,294,279,0.06
2019-10-16,S1P7B,295.7,279.2,0.07
2019-10-16,S1P7C,300,283.5,0.07
2019-10-16,S1P7D,298,278.4,0.06
2019-10-16,S1P8A,302.7,265.8,0.17
2019-10-16,S1P8B,306.3,292.5,0.06
2019-10-16,S1P8C,299.8,283.8,0.09
2019-10-16,S1P8D,298.8,278.6,0.09
2019-10-16,S2P1A,301.3,239.1,0.29
2019-10-16,S2P1B,296.5,249.5,0.21
2019-10-16,S2P1C,294.7,275.9,0.08
2019-10-16,S2P1D,291.7,280.6,0.02
2019-10-16,S2P2A,289.1,272.9,0.07
2019-10-16,S2P2B,292.3,275.5,0.07
2019-10-16,S2P2C,284.1,270.2,0.03
2019-10-16,S2P2D,293.3,275.5,0.08
2019-10-16,S2P3A,279,268.1,0.05
2019-10-16,S2P3B,283,251.2,0.18
2019-10-16,S2P3C,276.6,264.6,0.08
2019-10-16,S2P3D,282.3,269.1,0.08
2019-10-16,S2P4A,306.6,287.5,0.08
2019-10-16,S2P4B,224.8,299.9,0.03
2019-10-16,S2P4C,314.6,288.7,0.1
2019-10-16,S2P4D,313,290.3,0.09
2019-10-16,S2P5A,334,311.4,0.09
2019-10-16,S2P5B,336.8,310.3,0.1
2019-10-16,S2P5C,328.6,127.5,1.26
2019-10-16,S2P5D,342.5,316.9,0.09
2019-10-16,S2P6A,328.9,233.6,0.5
2019-10-16,S2P6B,341,326.3,0.07
2019-10-16,S2P6C,331.9,322.8,0.07
2019-10-16,S2P6D,341.4,321.5,0.08
2019-10-16,S2P7A,373.9,351.4,0.08
2019-10-16,S2P7B,383.4,361,0.07
2019-10-16,S2P7C,386.9,358,0.13
2019-10-16,S2P7D,387.7,362.3,0.08
2019-10-16,S2P8A,400.9,367.3,0.11
2019-10-16,S2P8B,412.1,395,0.05
2019-10-16,S2P8C,412.8,390.6,0.07
2019-10-16,S2P8D,403.6,375.4,0.11
2019-10-16,S3P1A,428.2,409.4,0.05
2019-10-16,S3P1B,426.2,399.1,0.08
2019-10-16,S3P1C,423.1,392.2,0.09
2019-10-16,S3P1D,431.4,401.1,0.09
2019-10-16,S3P2A,426.7,404.3,0.07
2019-10-16,S3P2B,422,402.7,0.06
2019-10-16,S3P2C,421.7,403.2,0.06
2019-10-16,S3P2D,418.2,402.2,0.05
2019-10-16,S3P3A,423.7,403.5,0.06
2019-10-16,S3P3B,415.9,246.4,0.75
2019-10-16,S3P3C,405.4,380.4,0.08
2019-10-16,S3P3D,414.7,390.7,0.09
2019-10-16,S3P4A,378.6,359.2,0.07
2019-10-16,S3P4B,387,364.1,0.08
2019-10-16,S3P4C,384,358.8,0.09
2019-10-16,S3P4D,382,372.7,0.06
2019-10-16,S3P5A,361.2,343.5,0.07
2019-10-16,S3P5B,350.2,337,0.05
2019-10-16,S3P5C,356.1,321.6,0.13
2019-10-16,S3P5D,358.3,339.7,0.08
2019-10-16,S3P6A,366.7,345.4,0.07
2019-10-16,S3P6B,366.2,346.7,0.07
2019-10-16,S3P6C,365.9,327.6,0.14
2019-10-16,S3P6D,360,344.1,0.06
2019-10-16,S3P7A,372.1,352,0.07
2019-10-16,S3P7B,372.7,349.8,0.08
2019-10-16,S3P7C,371.7,347.6,0.08
2019-10-16,S3P7D,365.3,349.1,0.07
2019-10-16,S3P8A,373,343.3,0.11
2019-10-16,S3P8B,384.6,374.8,0.03
2019-10-16,S3P8C,385.5,372.1,0.04
2019-10-16,S3P8D,375.7,340.1,0.12
2019-10-16,S4P1A,387,372.5,0.05
2019-10-16,S4P1B,382.8,364.7,0.06
2019-10-16,S4P1C,373.6,374.3,0.03
2019-10-16,S4P1D,380.7,366.7,0.03
2019-10-16,S4P2A,382.5,360.5,0.07
2019-10-16,S4P2B,380.5,357.7,0.08
2019-10-16,S4P2C,376.2,352.6,0.08
2019-10-16,S4P2D,381.1,363.3,0.06
2019-10-16,S4P3A,364.6,342.3,0.08
2019-10-16,S4P3B,357.7,334.7,0.08
2019-10-16,S4P3C,354,340.1,0.05
2019-10-16,S4P3D,352,238.2,0.57
2019-10-16,S4P4A,355.9,343.1,0.05
2019-10-16,S4P4B,357.4,335.7,0.08
2019-10-16,S4P4C,352.1,331.9,0.07
2019-10-16,S4P4D,338.2,327.6,0.05
2019-10-16,S4P5A,338.2,322.3,0.06
2019-10-16,S4P5B,329.1,319.9,0.04
2019-10-16,S4P5C,322.6,170.8,1.01
2019-10-16,S4P5D,227.9,296.3,0.05
2019-10-16,S4P6A,315.7,304.9,0.04
2019-10-16,S4P6B,308.2,301.3,0.04
2019-10-16,S4P6C,315.5,293.4,0.11
2019-10-16,S4P6D,284.6,201.7,0.62
2019-10-16,S4P7A,323.1,301.5,0.08
2019-10-16,S4P7B,322.6,311.1,0.04
2019-10-16,S4P7C,317.8,293.3,0.09
2019-10-16,S4P7D,317.3,294.6,0.09
2019-10-16,S4P8A,319.2,319.9,0.02
2019-10-16,S4P8B,330.4,320.7,0.04
2019-10-16,S4P8B,0,316.1,0
2019-10-16,S4P8C,316.5,314,0.04
2019-10-16,S4P8D,318.7,304.1,0.06
2019-10-16,S5P1A,330.1,319.1,0.04
2019-10-16,S5P1B,321.8,311.5,0.04
2019-10-16,S5P1C,326.2,307.1,0.07
2019-10-16,S5P1D,328.8,315.3,0.05
2019-10-16,S5P2A,325.6,314.1,0.04
2019-10-16,S5P2B,321.8,291.6,0.12
2019-10-16,S5P2C,324.7,295.4,0.12
2019-10-16,S5P2D,326.1,310.6,0.06
2019-10-16,S5P3A,311.4,298.4,0.05
2019-10-16,S5P3B,306.7,294.5,0.05
2019-10-16,S5P3C,302.6,227.6,0.59
2019-10-16,S5P3D,300.6,296,0.03
2019-10-16,S5P4A,327.6,316.4,0.05
2019-10-16,S5P4B,332.6,318.8,0.04
2019-10-16,S5P4C,324.8,315.3,0.05
2019-10-16,S5P4D,328.4,256.6,0.37
2019-10-16,S5P5A,318.9,316.1,0.04
2019-10-16,S5P5B,330.9,279.3,0.35
2019-10-16,S5P5C,320,315.6,0.03
2019-10-16,S5P5D,338.5,323,0.08
2019-10-16,S5P6A,251.3,178.4,0.8
2019-10-16,S5P6B,349.1,342.8,0.03
2019-10-16,S5P6C,363.3,352.3,0.05
2019-10-16,S5P6D,366,342.3,0.08
2019-10-16,S5P7A,370.2,360.9,0.04
2019-10-16,S5P7B,380.2,364.6,0.05
2019-10-16,S5P7C,380.1,360.9,0.06
2019-10-16,S5P7D,382.4,363.1,0.06
2019-10-16,S5P8A,385.3,374.7,0.04
2019-10-16,S5P8B,385.8,374.1,0.04
2019-10-16,S5P8C,389.7,382.7,0.03
2019-10-16,S5P8D,385.5,355.4,0.1
2019-10-16,S6P1A,383,366.7,0.05
2019-10-16,S6P1B,359.4,351.6,0.04
2019-10-16,S6P1C,372.5,368.9,0.01
2019-10-16,S6P1D,384.2,374,0.03
2019-10-16,S6P2A,365.8,356.7,0.04
2019-10-16,S6P2B,364.4,347.7,0.06
2019-10-16,S6P2C,366.3,361.8,0.02
2019-10-16,S6P2D,370.8,362.4,0.05
2019-10-16,S6P3A,344.5,339.5,0.03
2019-10-16,S6P3B,349.9,266.9,0.45
2019-10-16,S6P3C,346.3,337.7,0.03
2019-10-16,S6P3D,336.5,340.5,0.02
2019-10-16,S6P4A,353.3,341.2,0.04
2019-10-16,S6P4B,363.3,336.5,0.1
2019-10-16,S6P4C,360.3,347.6,0.04
2019-10-16,S6P4D,367.7,133.2,1.45
2019-10-16,S6P5A,348.4,254.6,0.73
2019-10-16,S6P5B,346.8,338.9,0.07
2019-10-16,S6P5C,308.9,347.3,0.01
2019-10-16,S6P5D,365.1,345.7,0.07
2019-10-16,S6P6A,369.9,348.2,0.07
2019-10-16,S6P6B,362.6,361.6,0
2019-10-16,S6P6C,387.4,369.6,0.06
2019-10-16,S6P6D,389.7,303.4,0.48
2019-10-16,S6P7A,389.5,377.5,0.07
2019-10-16,S6P7B,396.7,378.3,0.06
2019-10-16,S6P7C,402.1,392.1,0.03
2019-10-16,S6P7D,405.8,387.3,0.06
2019-10-16,S6P8A,398.5,384.7,0.05
2019-10-16,S6P8B,417.4,397.4,0.05
2019-10-16,S6P8C,426.6,413.9,0.04
2019-10-16,S6P8D,401.2,409.2,0
2019-10-23,S1P1A,1207.3,1078.6,0.17
2019-10-23,S1P1B,1193.1,1141.4,0.09
2019-10-23,S1P1C,1167.8,1142.4,0.06
2019-10-23,S1P1D,1146.5,1099,0.06
2019-10-23,S1P2A,1170.5,1156.5,0.04
2019-10-23,S1P2B,1171,1147.6,0.06
2019-10-23,S1P2C,1148.3,1170.4,0.05
2019-10-23,S1P2D,1179.6,1166,0.03
2019-10-23,S1P3A,1163.6,1233,0.03
2019-10-23,S1P3B,1191.1,1118.3,0.11
2019-10-23,S1P3C,1072.2,1056.3,0.04
2019-10-23,S1P3D,1112.3,994,0.24
2019-10-23,S1P4A,1172.8,1090.1,0.16
2019-10-23,S1P4B,1054.9,1098.3,0.14
2019-10-23,S1P4C,983,824.3,0.66
2019-10-23,S1P4D,1119.4,988.9,0.18
2019-10-23,S1P5A,1178,1176.5,0.04
2019-10-23,S1P5B,1095.2,1110.2,0.09
2019-10-23,S1P5C,1017.1,1018.8,0.18
2019-10-23,S1P5D,1111.9,1182.5,0.01
2019-10-23,S1P6A,1217,801.7,0.75
2019-10-23,S1P6B,1175.3,1153.7,0.07
2019-10-23,S1P6C,1152.8,935.2,0.32
2019-10-23,S1P6D,1206.6,1115.2,0.12
2019-10-23,S1P7A,1205.8,1171.9,0.05
2019-10-23,S1P7B,1150,1218.7,0.03
2019-10-23,S1P7C,1193.7,1179.1,0.05
2019-10-23,S1P7D,1208.3,1165.8,0.11
2019-10-23,S1P8A,1184.3,1119.8,0.14
2019-10-23,S1P8B,1090.1,1410.4,0.07
2019-10-23,S1P8C,1095.2,1253.6,0.09
2019-10-23,S1P8D,1202.7,1096.8,0.14
2019-10-23,S2P1A,1266.2,1204.5,0.09
2019-10-23,S2P1B,1243.8,1191.1,0.11
2019-10-23,S2P1C,1247.1,1259.8,0.05
2019-10-23,S2P1D,1235.5,1184.6,0.07
2019-10-23,S2P2A,1237.3,1196.4,0.06
2019-10-23,S2P2B,1185.3,1243.6,0.02
2019-10-23,S2P2C,1221.1,1225.4,0.02
2019-10-23,S2P2D,1110.7,1209.9,0.01
2019-10-23,S2P3A,1140.3,1187.7,0.08
2019-10-23,S2P3B,1122.4,1082.4,0.21
2019-10-23,S2P3C,1110.1,1075.9,0.18
2019-10-23,S2P3D,1078.4,1035.6,0.13
2019-10-23,S2P4A,1282.3,1156.7,0.19
2019-10-23,S2P4B,1253.5,1259.5,0.02
2019-10-23,S2P4C,1207.3,1155.9,0.09
2019-10-23,S2P4D,1100.9,1219.8,0
2019-10-23,S2P5A,1181.2,1085.1,0.13
2019-10-23,S2P5B,1301,1171.9,0.18
2019-10-23,S2P5C,1201.8,1207.3,0.04
2019-10-23,S2P5D,1216.7,1203,0.04
2019-10-23,S2P6A,1204.2,574.3,1.21
2019-10-23,S2P6B,1059.9,1094.8,0.17
2019-10-23,S2P6C,1237.9,1018.7,0.32
2019-10-23,S2P6D,1149.4,1117.4,0.1
2019-10-23,S2P7A,1213.6,1221.4,0.04
2019-10-23,S2P7B,1245.9,1243.8,0.04
2019-10-23,S2P7C,1190.9,1236.7,0.04
2019-10-23,S2P7D,1245.2,1170.4,0.11
2019-10-23,S2P8A,1221.3,1208.1,0.03
2019-10-23,S2P8B,1124.1,1066.6,0.16
2019-10-23,S2P8C,1122.4,1402.8,0.07
2019-10-23,S2P8D,1260.7,1246.8,0.04
2019-10-23,S3P1A,1298,1272.9,0.06
2019-10-23,S3P1B,1295.3,1282.6,0.05
2019-10-23,S3P1C,1228.4,1218,0.05
2019-10-23,S3P1D,1266.3,1196,0.11
2019-10-23,S3P2A,1278.8,1252.8,0.05
2019-10-23,S3P2B,1233.3,1214.4,0.04
2019-10-23,S3P2C,1192.3,1237.8,0.02
2019-10-23,S3P2D,1308.5,1178,0.15
2019-10-23,S3P3A,1292.7,1223.3,0.09
2019-10-23,S3P3B,1294,953.1,0.79
2019-10-23,S3P3C,1244.9,1252.3,0.03
2019-10-23,S3P3D,1270.9,1161.2,0.16
2019-10-23,S3P4A,1211.5,1262.8,0.03
2019-10-23,S3P4B,1233.2,1257.2,0.05
2019-10-23,S3P4C,1103.7,927.2,0.72
2019-10-23,S3P4D,1234.9,1131.9,0.09
2019-10-23,S3P5A,1284,1274.8,0.07
2019-10-23,S3P5B,1261.1,1174.6,0.16
2019-10-23,S3P5C,1063.9,990.8,0.31
2019-10-23,S3P5D,1147.5,1089.8,0.23
2019-10-23,S3P6A,1226.9,1203.4,0.07
2019-10-23,S3P6B,1260.7,1171.2,0.12
2019-10-23,S3P6C,980.3,744.4,0.5
2019-10-23,S3P6D,1203.4,1113.9,0.25
2019-10-23,S3P7A,1238.9,1232.6,0.06
2019-10-23,S3P7B,1318.8,1222.2,0.13
2019-10-23,S3P7C,1107,1171.5,0.15
2019-10-23,S3P7D,1151.2,1122.1,0.19
2019-10-23,S3P8A,1264.9,1091.6,0.24
2019-10-23,S3P8B,1217.7,1109.4,0.15
2019-10-23,S3P8C,1082,956.6,0.28
2019-10-23,S3P8D,1177.8,1170.8,0.11
2019-10-23,S4P1A,1280.8,1261,0.06
2019-10-23,S4P1B,1297,1341,0.02
2019-10-23,S4P1C,1170.1,1247.4,0.02
2019-10-23,S4P1D,1212.3,1071,0.22
2019-10-23,S4P2A,1378.5,1355.4,0.06
2019-10-23,S4P2B,1369,1327,0.08
2019-10-23,S4P2C,1200.3,1298,0.01
2019-10-23,S4P2D,1278,1241.2,0.07
2019-10-23,S4P3A,1352,1273.1,0.1
2019-10-23,S4P3B,1115.5,1222.3,0.12
2019-10-23,S4P3C,1213.2,1251,0.02
2019-10-23,S4P3D,1162.6,731.8,0.93
2019-10-23,S4P4A,1366.9,1363.2,0.02
2019-10-23,S4P4B,1388,1324.5,0.09
2019-10-23,S4P4C,1130.9,1247.6,0.01
2019-10-23,S4P4D,1229.7,1126.4,0.17
2019-10-23,S4P5A,1345.6,1266.6,0.1
2019-10-23,S4P5B,1407.3,1313,0.11
2019-10-23,S4P5C,1236.2,227,2.76
2019-10-23,S4P5D,1075.3,1236,0
2019-10-23,S4P6A,1381,1256.2,0.17
2019-10-23,S4P6B,1285.2,1246.6,0.18
2019-10-23,S4P6C,1072.2,1083.4,0.07
2019-10-23,S4P6D,1213.3,489.5,1.62
2019-10-23,S4P7A,1333.3,1300.2,0.07
2019-10-23,S4P7B,1297.1,1302,0.14
2019-10-23,S4P7C,1262.8,1214.2,0.07
2019-10-23,S4P7D,1170,1261.2,0
2019-10-23,S4P8A,1385.7,1306.4,0.1
2019-10-23,S4P8B,1245.3,1112.1,0.26
2019-10-23,S4P8C,1110.2,1526.3,0
2019-10-23,S4P8D,1206.9,1181.1,0.07
2019-10-23,S5P1A,1395.9,1363.6,0.04
2019-10-23,S5P1B,1345.4,1346.7,0.03
2019-10-23,S5P1C,1264.1,1229.2,0.12
2019-10-23,S5P1D,1198.8,1119.5,0.12
2019-10-23,S5P2A,1397.1,1399,0.03
2019-10-23,S5P2B,1386.1,1346.8,0.08
2019-10-23,S5P2C,1164.8,1218.1,0.11
2019-10-23,S5P2D,1245.8,1221.6,0.16
2019-10-23,S5P3A,1430,1310,0.15
2019-10-23,S5P3B,1195,1262.7,0.12
2019-10-23,S5P3C,1221,366.9,1.99
2019-10-23,S5P3D,1332.5,1205.8,0.16
2019-10-23,S5P4A,1421.7,1402.3,0.04
2019-10-23,S5P4B,1390.5,1335.2,0.11
2019-10-23,S5P4C,1274.5,1214.3,0.2
2019-10-23,S5P4D,1245,975.9,0.71
2019-10-23,S5P5A,1353.8,1303.8,0.14
2019-10-23,S5P5B,1408.7,848.8,1
2019-10-23,S5P5C,1137.1,1183.6,0.11
2019-10-23,S5P5D,1299.5,1302.5,0.03
2019-10-23,S5P6A,1395.6,938.1,0.92
2019-10-23,S5P6B,1393.1,1331.1,0.08
2019-10-23,S5P6C,1344,1314.6,0.06
2019-10-23,S5P6D,1228.9,1337.1,0.03
2019-10-23,S5P7A,1335.1,1439.9,0
2019-10-23,S5P7B,1472.9,1392.7,0.11
2019-10-23,S5P7C,1186.4,1082.7,0.18
2019-10-23,S5P7D,1273,1168.6,0.3
2019-10-23,S5P8A,1393.6,1363,0.06
2019-10-23,S5P8B,1361.3,1182.8,0.23
2019-10-23,S5P8C,1188.8,1152.8,0.23
2019-10-23,S5P8D,1267.1,1123.7,0.28
2019-10-23,S6P1A,1294.8,1284.5,0.18
2019-10-23,S6P1B,1323.7,1248.6,0.18
2019-10-23,S6P1C,1330.1,1279.4,0.09
2019-10-23,S6P1D,1179,1267.8,0.05
2019-10-23,S6P2A,1337.9,1390.7,0.04
2019-10-23,S6P2B,1374,1339.2,0.07
2019-10-23,S6P2C,1314.4,1382.5,0
2019-10-23,S6P2D,1334.4,1299.7,0.08
2019-10-23,S6P3A,1476.8,1393.8,0.1
2019-10-23,S6P3B,1265.7,745,1.17
2019-10-23,S6P3C,1146.7,1015.8,0.3
2019-10-23,S6P3D,1248.1,1274.6,0.08
2019-10-23,S6P4A,1454.4,1386.8,0.08
2019-10-23,S6P4B,1465,1379.6,0.11
2019-10-23,S6P4C,1325.8,1231.1,0.12
2019-10-23,S6P4D,1246,390.9,2.12
2019-10-23,S6P5A,1429.1,1013,0.99
2019-10-23,S6P5B,1243.5,1308.8,0.2
2019-10-23,S6P5C,1036.3,1243.9,0.04
2019-10-23,S6P5D,1157.2,1249,0.06
2019-10-23,S6P6A,1494.5,1371,0.15
2019-10-23,S6P6B,1393.2,1401.6,0.04
2019-10-23,S6P6C,1229.4,1199.9,0.11
2019-10-23,S6P6D,1259,776.6,1.11
2019-10-23,S6P7A,1420.6,1407.5,0.04
2019-10-23,S6P7B,1472.5,1439.5,0.05
2019-10-23,S6P7C,1287.1,1356.8,0.04
2019-10-23,S6P7D,1207.2,1224.3,0.05
2019-10-23,S6P8A,1468.4,1425.2,0.07
2019-10-23,S6P8B,1424.4,1316.7,0.14
2019-10-23,S6P8C,1196.5,1129.9,0.13
2019-10-23,S6P8D,1224.6,1239.2,0.09
2019-10-29,S4P1A,1499.1,1588.5,0.03
2019-10-29,S4P1B,1598.7,1625.7,0.03
2019-10-29,S4P1C,1473.6,1313.8,0.24
2019-10-29,S4P1D,1587.5,1024,0.93
2019-10-29,S4P2A,1545.4,1598.2,0.02
2019-10-29,S4P2B,1572.3,1603.1,0.05
2019-10-29,S4P2C,1396.7,1360.4,0.26
2019-10-29,S4P2D,1481.2,1227.9,0.42
2019-10-29,S4P3A,1546,1523.6,0.07
2019-10-29,S4P3B,1593.4,1527.3,0.11
2019-10-29,S4P3C,1347.3,1371.1,0.2
2019-10-29,S4P3D,1536.8,1140.8,0.7
2019-10-29,S4P4A,1578.1,1601.4,0.03
2019-10-29,S4P4B,1613.8,1583,0.08
2019-10-29,S4P4C,1515.2,1251,0.45
2019-10-29,S4P4D,1269.2,1180.3,0.29
2019-10-29,S4P5A,1575,1574.7,0.03
2019-10-29,S4P5B,1573.7,1567.3,0.05
2019-10-29,S4P5C,1527.6,968.4,0.49
2019-10-29,S4P5D,1371.1,1213.8,0.28
2019-10-29,S4P6A,1534.1,1486.8,0.07
2019-10-29,S4P6B,1570.7,1516.4,0.11
2019-10-29,S4P6C,1274.6,1245.1,0.21
2019-10-29,S4P6D,1340.4,1067.9,0.67
2019-10-29,S4P7A,1576.3,1578.2,0.05
2019-10-29,S4P7B,1570.1,1574.6,0.05
2019-10-29,S4P7C,1301,1255.6,0.26
2019-10-29,S4P7D,1305.8,1229.1,0.28
2019-10-29,S4P8A,1541.2,1563.3,0.06
2019-10-29,S4P8B,1432.9,1556.8,0.02
2019-10-29,S4P8C,1510.4,1198.7,0.52
2019-10-29,S4P8D,1241.3,1282.6,0.09
2019-10-29,S5P1A,1556,1573.3,0.04
2019-10-29,S5P1B,1517.1,1562.3,0.04
2019-10-29,S5P1C,1378.6,1399.1,0.18
2019-10-29,S5P1D,1594,1117.5,0.74
2019-10-29,S5P2A,1518.7,1574.2,0.06
2019-10-29,S5P2B,1532.6,1520.2,0.04
2019-10-29,S5P2C,1481.4,1087.9,0.64
2019-10-29,S5P2D,1327,1337.3,0.19
2019-10-29,S5P3A,1512,1554.9,0.05
2019-10-29,S5P3B,1504.2,1517.9,0.05
2019-10-29,S5P3C,1532,702.9,1.47
2019-10-29,S5P3D,1634.5,1180.5,0.7
2019-10-29,S5P4A,1585.1,1585.1,0.07
2019-10-29,S5P4B,1510.6,1638.5,0.01
2019-10-29,S5P4C,1443,1299.1,0.24
2019-10-29,S5P4D,1456.7,837.2,1.08
2019-10-29,S5P5A,1554.8,1531.8,0.08
2019-10-29,S5P5B,1535.6,1314.8,0.31
2019-10-29,S5P5C,1406.2,1226.5,0.31
2019-10-29,S5P5D,1541.8,1251.7,0.48
2019-10-29,S5P6A,1628,1289.1,0.45
2019-10-29,S5P6B,1615.5,1563.4,0.07
2019-10-29,S5P6C,1524.2,1181.8,0.56
2019-10-29,S5P6D,1288.8,1159.1,0.24
2019-10-29,S5P7A,1559.2,1509.1,0.07
2019-10-29,S5P7B,1576,1600.6,0.03
2019-10-29,S5P7C,1352.4,1287,0.16
2019-10-29,S5P7D,1215.2,1157.4,0.31
2019-10-29,S5P8A,1524.7,1645.1,0.01
2019-10-29,S5P8B,1603.3,1548.4,0.07
2019-10-29,S5P8C,1359.2,1353.8,0.26
2019-10-29,S5P8D,1466.2,1294.8,0.29
2019-10-29,S6P1A,1588.9,1577.4,0.05
2019-10-29,S6P1B,1524.7,1531,0.03
2019-10-29,S6P1C,1475.2,1275.3,0.17
2019-10-29,S6P1D,1320.3,1282.5,0.29
2019-10-29,S6P2A,1544,1629.2,0.02
2019-10-29,S6P2B,1623.6,1538.3,0.13
2019-10-29,S6P2C,1577.8,1260.2,0.48
2019-10-29,S6P2D,1390.8,1138.7,0.41
2019-10-29,S6P3A,1439.7,1512.6,0.05
2019-10-29,S6P3B,1468.4,1120.8,0.47
2019-10-29,S6P3C,1357.5,1163.9,0.32
2019-10-29,S6P3D,1329.8,1047,0.49
2019-10-29,S6P4A,1555,1487.3,0.1
2019-10-29,S6P4B,1554.2,1528.6,0.04
2019-10-29,S6P4C,1386.7,1180.4,0.36
2019-10-29,S6P4D,1530.4,1008.4,0.9
2019-10-29,S6P5A,1457.6,1379.1,0.17
2019-10-29,S6P5B,1544.2,1514.7,0.07
2019-10-29,S6P5C,1318.5,1116.1,0.42
2019-10-29,S6P5D,1442.3,1113.3,0.61
2019-10-29,S6P6A,1546.1,1548.7,0.04
2019-10-29,S6P6B,1560.9,1583.2,0.03
2019-10-29,S6P6C,1292.2,1145,0.26
2019-10-29,S6P6D,1535.6,886.8,1.12
2019-10-29,S6P7A,1555.5,1596.7,0.03
2019-10-29,S6P7B,1539.7,1562.6,0.05
2019-10-29,S6P7C,1355.2,1181.8,0.31
2019-10-29,S6P7D,1297.3,1153.6,0.36
2019-10-29,S6P8A,1469.3,1500,0.07
2019-10-29,S6P8B,1536.5,1433.3,0.16
2019-10-29,S6P8C,1410.7,1061.1,0.44
2019-10-29,S6P8D,1221.2,1129.7,0.2
2019-11-08,S1P8A,1603.4,1360.9,0.35
2019-11-08,S1P8C,1512.9,1441.1,0.08
2019-11-08,S2P6A,1539.7,1412.9,0.23
2019-11-08,S2P5C,1614.5,1268.4,0.61
2019-11-08,S3P5C,1379.5,1308.5,0.34
2019-11-08,S3P6C,1518.1,1405.3,0.29
2019-11-08,S3P8D,1543.7,1337.7,0.29
2019-11-08,S3P4C,1592,1170.9,0.6
2019-11-08,S3P3B,1676.2,1244.6,0.72
2019-11-08,S4P4D,1554.4,1486.1,0.14
2019-11-08,S4P3D,1471.2,1525,0.03
2019-11-08,S4P5C,1599.4,1325,0.35
2019-11-08,S4P6D,1527.8,1450.9,0.1
2019-11-08,S4P7A,1679.3,1520.9,0.21
2019-11-08,S4P8C,1525.8,1578.9,0.02
2019-11-08,S3P7D,1613.6,1567.9,0.08
2019-11-08,S5P6A,1627.2,858.7,1.59
2019-11-08,S5P5B,1503.6,1197.4,0.54
2019-11-08,S5P4D,1637.5,1060.4,0.91
2019-11-08,S5P3C,1409.5,796,1.62
2019-11-08,S5P2B,1739.9,1332.1,0.5
2019-11-08,S5P1B,1596.4,1629.3,0.07
2019-11-08,S6P3B,1541.1,1171.1,0.64
2019-11-08,S6P4D,1618.4,1141.8,1.58
2019-11-08,S6P5A,1661.8,1317.8,0.49
2019-11-08,S6P6D,1575.4,958,0.94
2019-11-08,S6P7B,1752.6,1698.2,0.06
2019-11-08,S6P8B,1676.8,1610.9,0.08
2019-11-08,S1P4C,1370.3,1247,0.34
2019-11-08,S1P3D,1520.9,1410.5,0.22
2019-11-08,S1P2D,1592.8,1251.9,0.49
2019-11-08,S1P1C,1631.6,1586.8,0.1
2019-11-08,S2P1A,1775,1642.8,0.16
2019-11-08,S2P2B,1801.1,1702.6,0.11
2019-11-08,S2P3B,1735.7,1397.5,0.43
2019-11-08,S2P4A,1672.8,1554.4,0.18
2019-11-08,S2P5C,1592.5,994.1,0.88
2019-11-08,S2P6A,1626.7,1382.5,0.32
2019-11-08,S2P7C,1587.6,1501.9,0.19
2019-11-08,S2P8D,1511.3,1404.5,0.22
2019-11-08,S3P2A,1711.3,1689.6,0.06
2019-11-08,S3P1D,1652.4,1300.9,0.48
2019-11-08,S4P1D,1646.5,1327.2,0.43
2019-11-08,S4P2C,1600,1542.6,0.14
2019-11-08,S5P7C,1637.9,1446.3,0.31
2019-11-08,S5P8D,1369.6,1423,0.2
2019-11-08,S6P2A,1705.8,1628.1,0.11
2019-11-08,S6P1B,1718.7,1531,0.22
2019-11-11,S1P3B,1582,1494.7,0.11
2019-11-11,S1P4D,1373.2,1247.1,0.17
2019-11-11,S1P5A,1452.5,1343.8,0.15
2019-11-11,S1P6C,1373.2,1195.9,0.23
2019-11-11,S1P7C,1444.9,1452.2,0.05
2019-11-11,S1P8D,1533.4,1435.2,0.14
2019-11-11,S2P1C,1519.8,1382.5,0.18
2019-11-11,S2P2A,1560.9,1552.2,0.06
2019-11-11,S2P3D,1444.2,1458.1,0.07
2019-11-11,S2P4D,1471.4,1461.1,0.09
2019-11-11,S2P5D,1456.9,1268.9,0.26
2019-11-11,S2P6B,1468.1,1323,0.19
2019-11-11,S3P3C,1551.8,1361.6,0.24
2019-11-11,S3P4A,1672.4,1605.6,0.08
2019-11-11,S3P5B,1650.7,1584.9,0.08
2019-11-11,S3P6D,1479.1,1372.7,0.16
2019-11-11,S3P7A,1653.6,1619.1,0.07
2019-11-11,S3P8B,1680.6,1546.3,0.16
2019-11-11,S4P3A,1656.6,1613.1,0.09
2019-11-11,S4P4B,1719.7,1648.6,0.09
2019-11-11,S4P5D,1525,1352.6,0.24
2019-11-11,S4P6B,1741.6,1642.3,0.12
2019-11-11,S4P7D,1566.4,1395.8,0.24
2019-11-11,S4P8B,1704.8,1511.2,0.23
2019-11-11,S5P1A,1682.4,1657.6,0.03
2019-11-11,S5P2D,1549.6,1444.1,0.18
2019-11-11,S5P3B,1614.8,1349.7,0.33
2019-11-11,S5P4C,1540.1,1435.5,0.14
2019-11-11,S5P5A,1585.6,1541.1,0.1
2019-11-11,S5P6B,1643.6,1460.5,0.21
2019-11-11,S6P3A,1682.3,1665.9,0.02
2019-11-11,S6P4B,1728,1594.4,0.15
2019-11-11,S6P5C,1475.2,1489.6,0.16
2019-11-11,S6P6A,1577.8,1625,0.1
2019-11-11,S6P7A,1678.6,1470.8,0.27
2019-11-11,S6P8D,1614.8,1549.9,0.1
2019-11-14,S1P1D,1530.3,1421.7,0.14
2019-11-14,S1P2A,1599.2,1566.2,0.07
2019-11-14,S1P3A,1550.4,1543.3,0.03
2019-11-14,S1P4B,1601.3,1518.5,0.1
2019-11-14,S1P1D,1530.3,1421.7,0.14
2019-11-14,S1P2A,1599.2,1566.2,0.07
2019-11-14,S1P3A,1550.4,1543.3,0.03
2019-11-14,S1P4B,1601.3,1518.5,0.1
2019-11-14,S1P5D,1489.5,1369.6,0.17
2019-11-14,S1P6D,1484.3,1397.8,0.11
2019-11-14,S1P7A,1599.6,1572.1,0.04
2019-11-14,S1P8C,1501.8,1424.7,0.1
2019-11-14,S2P1B,1610.1,1582.8,0.05
2019-11-14,S2P2C,1584.7,1530.3,0.07
2019-11-14,S2P3A,1603.2,1547.9,0.11
2019-11-14,S2P4B,1588.5,1586.1,0.03
2019-11-14,S2P5A,1530.7,1583.3,0.01
2019-11-14,S2P6C,1519.3,1476.3,0.1
2019-11-14,S2P7A,1616.3,1623.8,0.03
2019-11-14,S2P8B,1569.3,1526.3,0.07
2019-11-14,S3P1C,1629,1430.7,0.23
2019-11-14,S3P2C,1622,1545.4,0.09
2019-11-14,S3P3A,1595.7,1562.6,0.07
2019-11-14,S3P4D,1495.4,1564.8,0.08
2019-11-14,S3P5A,1646.2,1541.7,0.14
2019-11-14,S3P6,1529.8,1462.9,0.14
2019-11-14,S3P7C,1588.1,1568.6,0.03
2019-11-14,S3P6A,1631.3,1527.7,0.14
2019-11-14,S3P8A,1513.8,1508.6,0.14
2019-11-14,S4P2A,1602.8,1523.5,0.1
2019-11-14,S4P3C,1544.3,1420.2,0.2
2019-11-14,S4P4A,1577.5,1591.8,0.1
2019-11-14,S4P5B,1641.3,1560,0.09
2019-11-14,S4P6C,1572.8,1578.5,0.03
2019-11-14,S4P7C,1533,1587.9,0.03
2019-11-14,S4P8A,1664.5,1596.9,0.08
2019-11-14,S5P1D,1622.1,1570.6,0.07
2019-11-14,S5P2C,1595.8,1546.7,0.1
2019-11-14,S5P3D,1647.7,1572.7,0.09
2019-11-14,S5P4B,1666.9,1518.8,0.19
2019-11-14,S5P5C,1349.1,1453.5,0.13
2019-11-14,S5P6D,1546.5,1558.7,0.04
2019-11-14,S5P7B,1626.6,1600.5,0.04
2019-11-14,S5P8C,1531.5,1480.8,0.07
2019-11-14,S6P1A,1663.1,1532.9,0.16
2019-11-14,S6P2C,1608.6,1518.9,0.11
2019-11-14,S6P3C,1370.2,1501.6,0.11
2019-11-14,S6P4A,1577.3,1672.5,0.01
2019-11-14,S6P5B,1637.4,1560.5,0.1
2019-11-14,S6P6C,1535.3,1578.9,0.04
2019-11-14,S6P7C,1621.8,1498.5,0.16
2019-11-14,S6P8A,1635.5,1638,0.02
2019-12-12,S2P1A,581,508.7,0.16
2019-12-12,S2P1B,560.1,510.3,0.11
2019-12-12,S2P1C,562.7,525.7,0.08
2019-12-12,S2P1D,576.5,540.7,0.08
2019-12-12,S2P2A,578.6,505.2,0.16
2019-12-12,S2P2B,587.6,505.9,0.18
2019-12-12,S2P2C,606.6,557.5,0.1
2019-12-12,S2P3A,584.2,541.8,0.1
2019-12-12,S2P3B,561,437.3,0.34
2019-12-12,S2P3C,567.1,559.5,0.06
2019-12-12,S2P3D,583.8,527.3,0.13
2019-12-12,S2P4A,599.9,489.3,0.28
2019-12-12,S2P4B,596.6,529.3,0.15
2019-12-12,S2P4C,598.3,552,0.1
2019-12-12,S2P4D,594.2,524.5,0.15
2019-12-12,S2P5A,600.2,526,0.17
2019-12-12,S2P5B,610.6,530.8,0.17
2019-12-12,S2P5C,625.7,321.1,0.84
2019-12-12,S2P5D,620.8,570,0.1
2019-12-12,S2P6A,568.9,294.1,0.84
2019-12-12,S2P6B,483.9,432.2,0.16
2019-12-12,S2P6C,487.5,448.6,0.12
2019-12-12,S2P6D,463.1,431.9,0.1
2019-12-12,S2P7A,464.8,409.1,0.16
2019-12-12,S2P7B,436.8,382.9,0.17
2019-12-12,S2P7C,439.7,377.4,0.19
2019-12-12,S2P7D,439.1,404.4,0.1
2019-12-12,S2P8A,378.5,345.1,0.12
2019-12-12,S2P8B,375.3,349.5,0.09
2019-12-12,S2P8C,411.5,380.9,0.1
2019-12-12,S2P8D,420.8,374.8,0.14
2019-12-12,S3P1A,454.3,411.7,0.12
2019-12-12,S3P1B,449,415.5,0.09
2019-12-12,S3P1C,461.2,414.4,0.13
2019-12-12,S3P1D,471.1,394.2,0.22
2019-12-12,S3P2A,441.9,385.9,0.16
2019-12-12,S3P2B,449.9,401.7,0.14
2019-12-12,S3P2C,465.5,410,0.15
2019-12-12,S3P2D,468.4,411.7,0.16
2019-12-12,S3P3A,462.6,416.7,0.13
2019-12-12,S3P3B,462,322.1,0.48
2019-12-12,S3P3C,465.2,379.3,0.24
2019-12-12,S3P3D,469.8,412.3,0.16
2019-12-12,S3P4A,445.9,355.6,0.29
2019-12-12,S3P4B,447.9,411.4,0.12
2019-12-12,S3P4C,459.4,312.4,0.52
2019-12-12,S3P4D,458.5,413.8,0.14
2019-12-12,S3P5A,465.7,419.3,0.14
2019-12-12,S3P5B,466.8,406.7,0.17
2019-12-12,S3P5C,484.5,315.8,0.52
2019-12-12,S3P5D,487.6,450.1,0.11
2019-12-12,S3P6A,497.8,450.8,0.12
2019-12-12,S3P6B,500.8,455.9,0.12
2019-12-12,S3P6C,528.8,327,0.59
2019-12-12,S3P6D,535.7,475.8,0.14
2019-12-12,S3P7A,512.1,454.7,0.15
2019-12-12,S3P7C,536.5,474.9,0.15
2019-12-12,S3P7D,546.2,475.7,0.17
2019-12-12,S4P1A,485,435.4,0.14
2019-12-12,S4P1B,547.6,501.7,0.11
2019-12-12,S4P1C,586.4,554.6,0.08
2019-12-12,S4P1D,605.6,495.1,0.26
2019-12-12,S4P2A,599.2,532.6,0.14
2019-12-12,S4P2B,620.8,552.3,0.15
2019-12-12,S4P2C,642.4,526.4,0.25
2019-12-12,S4P2D,636.7,584.2,0.11
2019-12-12,S4P3A,600,463.5,0.33
2019-12-12,S4P3B,592.8,546.1,0.13
2019-12-12,S4P3C,616,552.2,0.14
2019-12-12,S4P3D,617.2,280.1,0.97
2019-12-12,S4P4A,643.6,571.1,0.15
2019-12-12,S4P4B,653.6,542.9,0.23
2019-12-12,S4P4C,671.7,595.1,0.15
2019-12-12,S4P4D,682.1,457.3,0.52
2019-12-12,S4P5A,682.9,589.9,0.18
2019-12-12,S4P5B,690.1,590,0.2
2019-12-12,S4P5C,715.6,211.1,1.55
2019-12-12,S4P5D,736.6,601.5,0.25
2019-12-12,S4P6A,684.9,612.8,0.15
2019-12-12,S4P6B,653.2,545.8,0.25
2019-12-12,S4P6C,661.6,627.8,0.08
2019-12-12,S4P6D,659.3,297.5,1.04
2019-12-12,S4P7A,695.7,583.7,0.22
2019-12-12,S4P7C,715.4,597.2,0.23
2019-12-12,S4P7D,692.5,577.9,0.22
2019-12-12,S4P8A,679.3,553.8,0.25
2019-12-12,S4P8B,711.8,607.1,0.21
2019-12-12,S4P8C,740.9,617.4,0.23
2019-12-12,S3P8A,721.5,654.7,0.12
2019-12-12,S3P8B,826,817.1,0.05
2019-12-12,S3P8D,1202.6,1062.9,0.19
2019-12-12,S5P1A,918,801.7,0.18
2019-12-12,S5P1B,889.9,759.4,0.21
2019-12-12,S5P1D,919.2,729.7,0.31
2019-12-12,S5P2B,901.4,752.7,0.25
2019-12-12,S5P2C,926.1,699.1,0.37
2019-12-12,S5P2D,777.2,642.7,0.24
2019-12-12,S5P3A,422.5,364.8,0.18
2019-12-12,S5P3B,337.1,280.9,0.23
2019-12-12,S5P3C,330,137.3,1.16
2019-12-12,S5P3D,390.6,361.8,0.12
2019-12-12,S5P4A,578,525.4,0.12
2019-12-12,S5P4B,734,661.8,0.13
2019-12-12,S5P4C,804.2,676.1,0.22
2019-12-12,S5P4D,843.1,409.2,0.94
2019-12-12,S5P5A,851,758.8,0.16
2019-12-12,S5P5B,908.6,497.4,0.86
2019-12-12,S5P5C,1050.8,985.9,0.14
2019-12-12,S5P5D,1022.1,899.6,0.18
2019-12-12,S5P6A,994.3,231.9,2.13
2019-12-12,S5P6B,1099.7,861.2,0.36
2019-12-12,S5P6C,1151.1,1061.5,0.12
2019-12-12,S5P6D,1273.6,1178.2,0.12
2019-12-12,S5P7A,1379,1281.2,0.14
2019-12-12,S5P7B,1388.1,1323.2,0.1
2019-12-12,S5P7C,1308.8,1077.4,0.31
2019-12-12,S5P7D,1163.3,1046.7,0.16
2019-12-12,S5P8A,957.3,743.1,0.34
2019-12-12,S5P8B,918.9,846.7,0.12
2019-12-12,S5P8C,942.6,851.6,0.13
2019-12-12,S5P8D,959.2,752.6,0.33
2019-12-12,S6P1A,1649.9,1526.4,0.15
2019-12-12,S6P1B,1189.6,969.9,0.33
2019-12-12,S6P1C,1106.7,1011.1,0.13
2019-12-12,S6P1D,994.8,883.3,0.16
2019-12-12,S6P2A,1083,904.4,0.26
2019-12-12,S6P2B,1002.5,900.7,0.15
2019-12-12,S6P2C,888.7,815.7,0.11
2019-12-12,S6P2D,906.2,811.4,0.14
2019-12-12,S6P4A,758.1,719.7,0.09
2019-12-12,S6P4B,877.1,699.3,0.3
2019-12-12,S6P4C,915,812.6,0.16
2019-12-12,S6P4D,926.6,217.4,1.95
2019-12-12,S6P5A,855.2,480,0.87
2019-12-12,S6P5B,832.5,768.9,0.15
2019-12-12,S6P5C,829.3,701.2,0.24
2019-12-12,S6P5D,843.9,728.8,0.19
2019-12-12,S6P6A,881.9,786.2,0.15
2019-12-12,S6P6B,884.3,791.4,0.15
2019-12-12,S6P6C,867.4,783.7,0.13
2019-12-12,S6P6D,867.3,477.5,0.78
2019-12-12,S6P7A,890.6,780.9,0.17
2019-12-12,S6P7B,903.6,628.5,0.49
2019-12-12,S6P7C,923.2,691.3,0.38
2019-12-12,S6P8A,915.3,656.9,0.44
2019-12-12,S6P8B,819.8,597.4,0.41
2019-12-12,S6P8D,936.6,728.5,0.36
2019-12-12,S6P3A,1546.3,1412.2,0.17
2019-12-12,S6P3B,1232.9,803.2,0.65
2019-12-16,S2P1A,635.4,492.6,0.33
2019-12-16,S2P1B,613,489.5,0.26
2019-12-16,S2P1C,633.5,518.6,0.25
2019-12-16,S2P2A,643.5,576.8,0.13
2019-12-16,S2P2B,640.6,497.3,0.32
2019-12-16,S2P2C,631.4,564.4,0.14
2019-12-16,S2P3B,654.7,530.9,0.29
2019-12-16,S2P3C,674.8,630.4,0.08
2019-12-16,S2P3D,828.5,808.9,0.05
2019-12-16,S2P4A,1069.2,865.1,0.31
2019-12-16,S2P4C,1110,1083.5,0.04
2019-12-16,S2P4D,1075.8,999.1,0.11
2019-12-16,S2P5A,1146.8,1047.8,0.14
2019-12-16,S2P5B,1003.8,874.8,0.19
2019-12-16,S2P5C,765.2,626.8,0.25
2019-12-16,S2P5D,677.2,619.5,0.11
2019-12-16,S2P6A,669.2,492,0.38
2019-12-16,S2P6B,683,615.9,0.12
2019-12-16,S2P6C,667.9,634.1,0.07
2019-12-16,S2P6D,1013.6,898.2,0.17
2019-12-16,S2P7A,1058,1016.1,0.08
2019-12-16,S2P7D,1045.6,1045.9,0.04
2019-12-16,S2P8A,900.9,792.8,0.16
2019-12-16,S2P8B,817.2,772.3,0.09
2019-12-16,S2P8C,1024.5,1047.1,0.01
2019-12-16,S2P8D,1064.9,891,0.27
2019-12-16,S3P1A,1175.8,1096.5,0.11
2019-12-16,S3P1B,1137.6,1069.6,0.1
2019-12-16,S3P1C,1155.1,1091.7,0.09
2019-12-16,S3P1D,1124.3,982.2,0.2
2019-12-16,S3P2A,709.1,628.1,0.15
2019-12-16,S3P2B,682.8,627.3,0.11
2019-12-16,S3P2C,709,680.2,0.06
2019-12-16,S3P2D,731.1,679.1,0.09
2019-12-16,S3P3B,688.2,423.9,0.64
2019-12-16,S3P3C,664.6,617,0.09
2019-12-16,S3P3D,645.2,613.5,0.06
2019-12-16,S3P4A,646.5,558.9,0.18
2019-12-16,S3P4B,657.1,600.6,0.11
2019-12-16,S3P4C,642.2,405.8,0.67
2019-12-16,S3P5B,816,783.8,0.13
2019-12-16,S3P5C,1068.7,539,1.01
2019-12-16,S3P6C,1077.6,786.3,0.51
2019-12-16,S3P6D,1011.3,918.2,0.14
2019-12-16,S3P7A,728.8,649.1,0.14
2019-12-16,S3P7C,651.2,582.1,0.15
2019-12-16,S3P7D,794,788.2,0.03
2019-12-16,S4P1A,897,820.6,0.12
2019-12-16,S4P1B,974.8,907,0.1
2019-12-16,S4P1C,1069.7,1013,0.08
2019-12-16,S4P1D,1068.6,971.2,0.15
2019-12-16,S4P2A,1032,991.1,0.07
2019-12-16,S4P2B,1055.8,986.8,0.1
2019-12-16,S4P2C,1087.3,992.1,0.13
2019-12-16,S4P2D,1042,985.4,0.09
2019-12-16,S4P3A,1046.2,777.1,0.42
2019-12-16,S4P3B,1069.4,980.8,0.13
2019-12-16,S4P3D,949.2,477.5,0.91
2019-12-16,S4P4B,1112.6,1060.9,0.09
2019-12-16,S4P4C,1082.6,1048.3,0.07
2019-12-16,S4P4D,1096.8,948.3,0.26
2019-12-16,S4P5A,1093.3,968.6,0.17
2019-12-16,S4P5C,1102.6,637.6,0.87
2019-12-16,S4P5D,1057.5,883.3,0.25
2019-12-16,S4P6A,1066.5,996.1,0.11
2019-12-16,S4P6B,1063,1020.3,0.08
2019-12-16,S4P6C,1113.6,686.5,0.88
2019-12-16,S4P7A,1165.6,1043.8,0.17
2019-12-16,S4P7C,1084.6,1014.5,0.11
2019-12-16,S4P7D,1087.5,987.1,0.14
2019-12-16,S4P8A,1093,950.8,0.2
2019-12-16,S4P8B,1141.6,980.6,0.23
2019-12-16,S4P8C,944.9,849.4,0.14
2019-12-16,S5P1A,798.3,678.8,0.21
2019-12-16,S5P1B,911.9,598.2,0.56
2019-12-16,S5P1D,870.8,452.8,0.88
2019-12-16,S5P2B,812,638.7,0.3
2019-12-16,S5P2C,642.3,600.3,0.2
2019-12-16,S5P2D,868.7,835.2,0.05
2019-12-16,S5P3A,935.7,835.9,0.15
2019-12-16,S5P3B,1030,829.9,0.32
2019-12-16,S5P3C,882.3,527.9,0.68
2019-12-16,S5P4C,1012.6,977.3,0.06
2019-12-16,S5P4D,1130.4,583.3,1.03
2019-12-16,S5P5A,1087.1,984.7,0.15
2019-12-16,S5P5B,1094.3,420.4,1.47
2019-12-16,S5P5D,1087.4,1031.1,0.08
2019-12-16,S5P6A,1119.2,372.2,1.67
2019-12-16,S5P6B,1123.3,963.5,0.23
2019-12-16,S5P6C,1108.4,1039.4,0.03
2019-12-16,S5P7A,1137.2,1028.5,0.15
2019-12-16,S5P7B,1091.3,1026.2,0.09
2019-12-16,S5P7C,1062.5,963,0.14
2019-12-16,S5P7D,1112.5,1048.6,0.09
2019-12-16,S5P8A,1116.3,1013.5,0.14
2019-12-16,S5P8B,1140.1,1019.3,0.17
2019-12-16,S5P8C,1069.7,1046.7,0.05
2019-12-16,S5P8D,1070.6,992,0.11
2019-12-16,S6P1A,1645.2,1537.5,0.12
2019-12-16,S6P1B,1634,1350.8,0.44
2019-12-16,S6P1C,1509.5,1443.6,0.11
2019-12-16,S6P1D,1468.8,1359.3,0.16
2019-12-16,S6P2A,1598.3,1572.1,0.03
2019-12-16,S6P2B,1625.7,1540.7,0.1
2019-12-16,S6P2C,1527.2,1433.3,0.13
2019-12-16,S6P2D,1459.5,1372.9,0.13
2019-12-16,S6P3A,1539.7,1410.6,0.16
2019-12-16,S6P3B,1365.7,914.8,0.64
2019-12-16,S6P4B,1077.5,923.7,0.22
2019-12-16,S6P4C,1053.2,957.8,0.13
2019-12-16,S6P4D,1088.7,492.8,1.16
2019-12-16,S6P5A,1101.9,961.8,0.2
2019-12-16,S6P5C,1066.6,957.1,0.15
2019-12-16,S6P5D,727,676.7,0.09
2019-12-16,S6P6A,727.9,682.4,0.08
2019-12-16,S6P6B,747.3,696.9,0.09
2019-12-16,S6P6D,829.3,570.6,0.49
2019-12-16,S6P7A,818.6,736.6,0.14
2019-12-16,S6P7B,733,574.2,0.3
2019-12-16,S6P7C,687.5,539.1,0.31
2019-12-16,S6P8A,716.7,629.5,0.16
2019-12-16,S6P8B,737.8,600.1,0.26
2019-12-16,S6P8D,655.8,629.8,0.06
2020-01-07,S2P1A,301.9,207.5,0.46
2020-01-07,S2P1B,292.6,225,0.32
2020-01-07,S2P1C,296.6,192.7,0.52
2020-01-07,S2P2A,289.2,152.9,0.77
2020-01-07,S2P2B,286.1,157.8,0.76
2020-01-07,S2P2C,289.9,175,0.61
2020-01-07,S2P3B,269.8,127.1,0.94
2020-01-07,S2P3C,274,216.6,0.29
2020-01-07,S2P3D,265.4,209.5,0.29
2020-01-07,S2P4A,273.7,149.3,0.74
2020-01-07,S2P4C,277.8,199.7,0.41
2020-01-07,S2P4D,275.1,185.6,0.47
2020-01-07,S2P5B,271,220,0.25
2020-01-07,S2P5C,273.3,112.8,1.1
2020-01-07,S2P5D,271.9,212.5,0.3
2020-01-07,S2P6A,256.3,80.7,1.41
2020-01-07,S2P6B,247,172.4,0.46
2020-01-07,S2P6D,250.7,217.1,0.18
2020-01-07,S2P7A,258.7,217,0.21
2020-01-07,S2P7B,262.6,187.8,0.43
2020-01-07,S2P7C,262.4,162.6,0.58
2020-01-07,S2P7D,269,186,0.47
2020-01-07,S2P8A,263.8,227.6,0.18
2020-01-07,S2P8B,246,217.3,0.15
2020-01-07,S2P8C,269,237.6,0.16
2020-01-07,S2P8D,266.2,180.3,0.48
2020-01-07,S3P1A,293.8,241.5,0.24
2020-01-07,S3P1B,291.9,248.7,0.2
2020-01-07,S3P1C,296.2,243.8,0.24
2020-01-07,S3P1D,301,210.6,0.47
2020-01-07,S3P2A,290.3,142.9,0.9
2020-01-07,S3P2B,291.1,224.2,0.32
2020-01-07,S3P2C,292.8,223.9,0.33
2020-01-07,S3P2D,290.6,241,0.23
2020-01-07,S3P3B,282.1,128.7,1.04
2020-01-07,S3P3C,279.6,205,0.38
2020-01-07,S3P3D,278.3,213.3,0.33
2020-01-07,S3P4A,260.9,172.2,0.55
2020-01-07,S3P4B,250.2,193.1,0.32
2020-01-07,S3P4C,246.7,106.6,1.03
2020-01-07,S3P5A,243.8,179.5,0.37
2020-01-07,S3P5B,238.2,160.2,0.51
2020-01-07,S3P5C,236.4,64.4,1.55
2020-01-07,S3P5D,234.5,168.4,0.41
2020-01-07,S3P6B,246.8,173.6,0.42
2020-01-07,S3P6C,244.9,88.5,1.24
2020-01-07,S3P6D,250.1,203.5,0.26
2020-01-07,S3P7A,254,114.7,1
2020-01-07,S3P7C,255.2,84.5,1.35
2020-01-07,S3P7D,260.4,136.7,0.88
2020-01-07,S3P8A,273.1,150.4,0.82
2020-01-07,S3P8B,252.4,141.3,0.71
2020-01-07,S3P8D,277.8,147.3,0.79
2020-01-07,S4P1A,287.5,208.6,0.4
2020-01-07,S4P1B,321,248.5,0.32
2020-01-07,S4P1C,333.4,263.9,0.28
2020-01-07,S4P1D,348.9,191.9,0.77
2020-01-07,S4P2A,371.3,198.6,0.76
2020-01-07,S4P2B,388.5,247.6,0.55
2020-01-07,S4P2C,394.3,156.4,1.12
2020-01-07,S4P2D,394.1,281.7,0.4
2020-01-07,S4P3A,391.2,205.3,0.8
2020-01-07,S4P3B,386,204.3,0.79
2020-01-07,S4P3D,388.5,94.3,1.7
2020-01-07,S4P4B,416,200.9,0.87
2020-01-07,S4P4C,420,265.9,0.55
2020-01-07,S4P4D,430.6,122.4,1.53
2020-01-07,S4P5A,442.8,294.1,0.5
2020-01-07,S4P5C,458,78.6,2.27
2020-01-07,S4P5D,468.7,226.5,0.91
2020-01-07,S4P6A,462.6,216.7,0.93
2020-01-07,S4P6B,466.8,197.4,1.09
2020-01-07,S4P6D,480.4,118,1.74
2020-01-07,S4P7A,524.8,257.5,0.95
2020-01-07,S4P7C,538,136.9,1.64
2020-01-07,S4P7D,545.3,251.9,0.97
2020-01-07,S4P8A,578.7,146.4,1.72
2020-01-07,S4P8B,610.2,196.7,1.48
2020-01-07,S4P8C,620.1,137.8,1.91
2020-01-07,S5P1A,641,205.9,1.43
2020-01-07,S5P1B,638.7,128.9,2.05
2020-01-07,S5P1D,648.9,189.3,1.81
2020-01-07,S5P2B,666.7,186.5,1.61
2020-01-07,S5P2C,670.7,165.3,1.72
2020-01-07,S5P2D,690.7,223.7,1.4
2020-01-07,S5P3A,657.9,395,0.64
2020-01-07,S5P3B,652.7,355.4,0.82
2020-01-07,S5P3C,672.3,195.2,1.56
2020-01-07,S5P4A,717.3,487.2,0.48
2020-01-07,S5P4C,726.8,291.1,1.18
2020-01-07,S5P4D,742.2,156.3,2.06
2020-01-07,S5P5A,754,576,0.34
2020-01-07,S5P5B,747.7,174.3,1.83
2020-01-07,S5P5D,786.9,596,0.36
2020-01-07,S5P6A,978.3,124.6,3.07
2020-01-07,S5P6B,896.8,277,1.52
2020-01-07,S5P6C,871,626.6,0.45
2020-01-07,S5P7A,873,713.8,0.26
2020-01-07,S5P7B,914.1,506,0.77
2020-01-07,S5P7C,873.6,230.9,1.74
2020-01-07,S5P7D,833.2,625.7,0.37
2020-01-07,S5P8A,920.2,536,0.72
2020-01-07,S5P8B,942.7,606.1,0.65
2020-01-07,S5P8C,1019.9,713.1,0.53
2020-01-07,S5P8D,964.8,318.4,1.76
2020-01-07,S6P1A,1177.3,797.2,0.6
2020-01-07,S6P1B,1179.9,138.1,3.24
2020-01-07,S6P1C,1111.4,952.4,0.22
2020-01-07,S6P1D,1244.9,1065.1,0.24
2020-01-07,S6P2A,1298.7,448.8,1.87
2020-01-07,S6P2B,1146.8,762.9,0.61
2020-01-07,S6P2C,1086.3,833.3,0.38
2020-01-07,S6P2D,1217.5,1030.3,0.26
2020-01-07,S6P3A,1258.4,895.2,0.64
2020-01-07,S6P3B,939.2,273.2,1.65
2020-01-07,S6P3D,1129.9,819.1,0.48
2020-01-07,S6P4A,719.9,405.2,0.72
2020-01-07,S6P4B,793.4,377.8,0.99
2020-01-07,S6P4C,874.5,707.1,0.3
2020-01-07,S6P4D,929.4,151.5,2.95
2020-01-07,S6P5A,839.5,249.5,1.58
2020-01-07,S6P5C,728.3,403,0.92
2020-01-07,S6P5D,758.1,464.6,0.61
2020-01-07,S6P6A,770.7,446.8,0.69
2020-01-07,S6P6B,787.3,525.7,0.5
2020-01-07,S6P6D,784.2,205.8,1.69
2020-01-07,S6P7A,836.2,233.2,1.7
2020-01-07,S6P7B,992.6,235.7,2.02
2020-01-07,S6P7C,903,303.9,1.75
2020-01-07,S6P8A,892.4,240.8,1.81
2020-01-07,S6P8B,967.9,274.7,1.68
2020-01-07,S6P8D,929,293.5,1.52
2020-01-13,S2P1A,926.6,763.9,0.26
2020-01-13,S2P1B,907.5,779.5,0.2
2020-01-13,S2P1C,907,801.3,0.16
2020-01-13,S2P2A,910.9,815,0.15
2020-01-13,S2P2B,920.7,314.3,1.47
2020-01-13,S2P2C,922.7,447.9,0.98
2020-01-13,S2P3B,899.7,842.8,0.12
2020-01-13,S2P3C,921.2,676,0.43
2020-01-13,S2P3D,939.5,616.3,0.56
2020-01-13,S2P4A,1096.7,1023.5,0.1
2020-01-13,S2P4C,1233.1,775.4,0.74
2020-01-13,S2P4D,1183.8,664.2,0.88
2020-01-13,S2P5B,1092.6,911.7,0.27
2020-01-13,S2P5C,1053.8,929.6,0.18
2020-01-13,S2P5D,1066.1,765.3,0.49
2020-01-13,S2P6A,1046.7,966.8,0.12
2020-01-13,S2P6B,1054.3,765.2,0.47
2020-01-13,S2P6D,1064.8,900.8,0.25
2020-01-13,S2P7A,1128.9,892,0.35
2020-01-13,S2P7B,1148.5,877.3,0.43
2020-01-13,S2P7C,1084.1,642.5,0.79
2020-01-13,S2P7D,1122.5,785,0.52
2020-01-13,S2P8A,1070.7,943.9,0.18
2020-01-13,S2P8B,1007.2,897.7,0.16
2020-01-13,S2P8C,984.4,862.7,0.19
2020-01-13,S2P8D,980,540.6,0.81
2020-01-13,S3P1A,1091,896.1,0.29
2020-01-13,S3P1B,1010.6,882.1,0.19
2020-01-13,S3P1C,1013.7,824.7,0.29
2020-01-13,S3P1D,1033.8,755.7,0.45
2020-01-13,S3P2A,1025.1,684.7,0.58
2020-01-13,S3P2B,1029.3,910.6,0.17
2020-01-13,S3P2C,1023.2,792.1,0.37
2020-01-13,S3P2D,1016.4,858.5,0.24
2020-01-13,S3P3B,1015.3,931.1,0.12
2020-01-13,S3P3C,1017.7,663.1,0.63
2020-01-13,S3P3D,1007.9,820.9,0.29
2020-01-13,S3P4A,969.6,608.9,0.68
2020-01-13,S3P4B,987,839.8,0.23
2020-01-13,S3P4C,972.9,857.6,0.18
2020-01-13,S3P5B,1040.9,750.8,0.47
2020-01-13,S3P5C,1007.6,868.3,0.21
2020-01-13,S3P5D,934.8,709.5,0.38
2020-01-13,S3P6B,973.8,693.4,0.49
2020-01-13,S3P6C,1019.9,877.1,0.22
2020-01-13,S3P6D,946.7,732.5,0.36
2020-01-13,S3P7A,886.3,800.1,0.14
2020-01-13,S3P7C,867.6,402.6,1.01
2020-01-13,S3P7D,844.1,473,0.86
2020-01-13,S3P8A,893.9,498,0.82
2020-01-13,S3P8B,967.6,932.8,0.06
2020-01-13,S3P8D,999.1,495.2,1.09
2020-01-13,S4P1A,895.3,696.1,0.35
2020-01-13,S4P1B,920.1,689.7,0.4
2020-01-13,S4P1C,892.3,684.9,0.35
2020-01-13,S4P1D,887.3,413.9,1.1
2020-01-13,S4P2A,881.8,481.8,0.83
2020-01-13,S4P2B,914.8,593.6,0.6
2020-01-13,S4P2C,904.3,374.6,1.28
2020-01-13,S4P2D,907.4,668.7,0.4
2020-01-13,S4P3A,947.7,501.2,0.91
2020-01-13,S4P3B,892.1,458.9,0.93
2020-01-13,S4P3D,854.4,780.7,0.14
2020-01-13,S4P4B,1005.5,583.6,0.82
2020-01-13,S4P4C,1169.5,757.4,0.67
2020-01-13,S4P4D,1420,1232.1,0.31
2020-01-13,S4P5A,1777.6,1389.7,0.5
2020-01-13,S4P5C,1555.5,1242.3,0.45
2020-01-13,S4P5D,1414,709.8,1.15
2020-01-13,S4P6A,1607.2,1012.7,0.82
2020-01-13,S4P6B,1290.3,560.5,1.36
2020-01-13,S4P6D,721.7,661,0.15
2020-01-13,S4P7A,784.6,448.9,0.73
2020-01-13,S4P7C,943.1,282.1,1.63
2020-01-13,S4P7D,705.5,601.8,0.2
2020-01-13,S4P8A,662.1,166.8,1.8
2020-01-13,S4P8B,645,603.8,0.08
2020-01-13,S4P8C,622.4,227.2,1.31
2020-01-13,S5P1A,615.6,549.4,0.14
2020-01-13,S5P1B,592.5,159.5,1.62
2020-01-13,S5P1D,592.2,228.2,1.45
2020-01-13,S5P2B,571.8,151.8,1.63
2020-01-13,S5P2C,572.4,142.9,1.65
2020-01-13,S5P2D,573.4,523.2,0.11
2020-01-13,S5P3A,543.5,427.9,0.3
2020-01-13,S5P3B,539.9,350.2,0.55
2020-01-13,S5P3C,540.6,508,0.09
2020-01-13,S5P4A,569.1,419.1,0.37
2020-01-13,S5P4C,568.8,304.4,0.74
2020-01-13,S5P4D,568.9,519.6,0.11
2020-01-13,S5P5A,549.9,415.6,0.35
2020-01-13,S5P5B,540.4,509.8,0.1
2020-01-13,S5P5D,548.5,444,0.26
2020-01-13,S5P6A,585.5,514.9,0.16
2020-01-13,S5P6B,599.6,203.6,1.29
2020-01-13,S5P6C,598.3,536.5,0.13
2020-01-13,S5P7A,617,470,0.33
2020-01-13,S5P7B,626.8,363.7,0.66
2020-01-13,S5P7C,618,277,1.03
2020-01-13,S5P7D,628,464.8,0.36
2020-01-13,S5P8A,653.3,402.2,0.6
2020-01-13,S5P8B,659.6,488.8,0.39
2020-01-13,S5P8C,647.7,503.7,0.31
2020-01-13,S5P8D,638.4,271.5,1.27
2020-01-13,S6P1A,927.3,519.9,0.8
2020-01-13,S6P1B,1027.1,113,3.39
2020-01-13,S6P1C,1104.1,882.5,0.36
2020-01-13,S6P1D,1512,1038.9,0.74
2020-01-13,S6P2A,1743.5,891.4,1.58
2020-01-13,S6P2B,1217.4,695.1,0.93
2020-01-13,S6P2C,1152.1,788.2,0.6
2020-01-13,S6P2D,1636.8,1040.7,0.89
2020-01-13,S6P3A,1549.1,1266,0.37
2020-01-13,S6P3B,1199.3,1069.2,0.17
2020-01-13,S6P3D,1155.1,506.1,1.25
2020-01-13,S6P4B,874,343.1,1.26
2020-01-13,S6P4C,815.5,585.1,0.45
2020-01-13,S6P4D,854.6,756.6,0.17
2020-01-13,S6P5A,895.5,839.7,0.09
2020-01-13,S6P5C,849,475.3,0.95
2020-01-13,S6P5D,782.1,510.3,0.55
2020-01-13,S6P6A,860.2,487.4,0.77
2020-01-13,S6P6B,864.2,567.4,0.55
2020-01-13,S6P6D,822.6,710.6,0.2
2020-01-13,S6P7A,978,900.5,0.11
2020-01-13,S6P7B,1091.2,315.9,1.93
2020-01-13,S6P7C,878.3,232.3,1.85
2020-01-13,S6P8A,1451.5,396.1,2.27
2020-01-13,S6P8B,1295.1,420,1.79
2020-01-13,S6P8D,1071.7,871.4,0.33
2020-01-28,S2P1A,1420.6,1267.8,0.19
2020-01-28,S2P1B,1417.8,995.6,0.59
2020-01-28,S2P1C,1428.3,1163.3,0.38
2020-01-28,S2P2A,1428,1230.8,0.26
2020-01-28,S2P1A,1420.6,1267.8,0.19
2020-01-28,S2P1B,1417.8,995.6,0.59
2020-01-28,S2P1C,1428.3,1163.3,0.38
2020-01-28,S2P2A,1428,1230.8,0.26
2020-01-28,S2P2B,1453,1344.5,0.13
2020-01-28,S2P2C,1320.6,958.6,0.52
2020-01-28,S2P3A,1409.5,1301.5,0.18
2020-01-28,S2P3B,1366.2,1217.9,0.21
2020-01-28,S2P3C,1351.1,1252.1,0.19
2020-01-28,S2P3D,1384.2,1349.1,0.06
2020-01-28,S2P4A,1450.1,1070.6,0.66
2020-01-28,S2P4B,1444.5,1352.5,0.13
2020-01-28,S2P4C,1326.9,1293.5,0.07
2020-01-28,S2P4D,1395.4,1329.4,0.08
2020-01-28,S2P5A,1425.1,1349.6,0.09
2020-01-28,S2P5B,1376.2,1325.7,0.06
2020-01-28,S2P5C,1370.8,743.8,1.49
2020-01-28,S2P5D,1356.6,1296.2,0.12
2020-01-28,S2P6A,1261.1,623.5,1.14
2020-01-28,S2P6B,1269.9,1130.5,0.19
2020-01-28,S2P6C,1072.9,1213.1,0.03
2020-01-28,S2P6D,1244.2,1201.8,0.08
2020-01-28,S2P7A,1311.5,1236.6,0.11
2020-01-28,S2P7B,1334.6,847.4,0.77
2020-01-28,S2P7C,1268.4,986.3,0.43
2020-01-28,S2P7D,1277.8,949.4,0.64
2020-01-28,S2P8A,1088.8,923.7,0.23
2020-01-28,S2P8B,524,469.2,0.13
2020-01-28,S2P8C,673.8,636.4,0.08
2020-01-28,S2P8D,710.5,276.6,1.25
2020-01-28,S3P1A,651.7,530,0.25
2020-01-28,S3P1B,642.2,543.7,0.2
2020-01-28,S3P1C,739.1,616.8,0.23
2020-01-28,S3P1D,933.8,466.6,0.98
2020-01-28,S3P2A,775.4,309.8,1.29
2020-01-28,S3P2B,1037.2,672.9,0.66
2020-01-28,S3P2C,1261.9,928.2,0.5
2020-01-28,S3P2D,1273.7,909.4,0.56
2020-01-28,S3P3A,1352.7,1274.3,0.1
2020-01-28,S3P3B,1373.4,648.1,1.42
2020-01-28,S3P3C,1334.4,1299.1,0.07
2020-01-28,S3P3D,1327.6,1297.9,0.06
2020-01-28,S3P4A,1363.3,1228.6,0.17
2020-01-28,S3P4B,1351.1,1240.3,0.14
2020-01-28,S3P4C,1299.1,740.7,1.05
2020-01-28,S3P4D,1321.1,1275.5,0.06
2020-01-28,S3P5A,1353.4,1242.6,0.15
2020-01-28,S3P5B,1250.8,1141.4,0.15
2020-01-28,S3P5C,1033.3,380.4,1.46
2020-01-28,S3P5D,1124.1,1064.7,0.08
2020-01-28,S3P6A,1189.4,1059.7,0.18
2020-01-28,S3P6B,1142.4,1023.1,0.18
2020-01-28,S3P6C,1167.3,487,1.37
2020-01-28,S3P6D,1069.2,1112.6,0.02
2020-01-28,S3P7A,1120.8,939.5,0.26
2020-01-28,S3P7B,1093.7,645.4,0.78
2020-01-28,S3P7C,937.4,776,0.26
2020-01-28,S3P7D,984,854.5,0.21
2020-01-28,S3P8A,894.2,671,0.37
2020-01-28,S3P8B,644.7,463.3,0.43
2020-01-28,S3P8B,0,0,0
2020-01-28,S3P8D,832.3,757.3,0.17
2020-01-28,S4P1A,875.1,797.3,0.14
2020-01-28,S4P1B,887.7,744.6,0.23
2020-01-28,S4P1C,837.7,774.2,0.11
2020-01-28,S4P1D,816.2,647.5,0.32
2020-01-28,S4P2A,723.4,324.4,1.12
2020-01-28,S4P2B,773,293.4,1.3
2020-01-28,S4P2C,708.7,414.1,1.6
2020-01-28,S4P2D,566.2,399.2,0.42
2020-01-28,S4P3A,593,493,0.23
2020-01-28,S4P3B,632.1,582.3,0.15
2020-01-28,S4P3C,626.8,424.9,0.51
2020-01-28,S4P3D,661.6,310,1
2020-01-28,S4P4A,832.3,747.6,0.14
2020-01-28,S4P4B,921.6,893.1,0.05
2020-01-28,S4P4C,1047.3,625.5,0.76
2020-01-28,S4P4D,1089.8,472.9,1.23
2020-01-28,S4P5A,1140.6,985.8,0.21
2020-01-28,S4P5B,983.2,339.7,1.51
2020-01-28,S4P5C,1093,196.1,2.42
2020-01-28,S4P5D,1176.2,1006.5,0.24
2020-01-28,S4P6A,1233.1,808,0.87
2020-01-28,S4P6B,1298,1217.6,0.16
2020-01-28,S4P6C,1323.8,446.4,2.09
2020-01-28,S4P6D,1362.8,385.7,2.09
2020-01-28,S4P7A,1558.7,1271.3,0.38
2020-01-28,S4P7B,1622.4,1045.8,0.84
2020-01-28,S4P7C,1517.3,1238.7,0.39
2020-01-28,S4P7D,1508.9,1470.4,0.08
2020-01-28,S4P8A,1607.1,1232,0.51
2020-01-28,S4P8B,1559.8,1216.8,0.5
2020-01-28,S4P8C,1474.7,1374.2,0.16
2020-01-28,S4P8D,1551.3,915.1,1.06
2020-01-28,S5P1A,1565.3,1120.6,0.65
2020-01-28,S5P1B,1557.4,1500.2,0.08
2020-01-28,S5P1C,1494.1,886.3,1.03
2020-01-28,S5P1D,1478.6,926.4,0.81
2020-01-28,S5P2A,1542.8,1062.6,0.73
2020-01-28,S5P2B,1493.5,1174.8,0.43
2020-01-28,S5P2C,1421.1,889.3,0.78
2020-01-28,S5P2D,1324.3,1032.4,0.41
2020-01-28,S5P3A,1355.4,913,0.64
2020-01-28,S5P3B,1156.1,904.3,0.39
2020-01-28,S5P3C,1158.7,801.5,0.6
2020-01-28,S5P3D,1194.8,1039.3,0.23
2020-01-28,S5P4A,1116.3,616.2,0.99
2020-01-28,S5P4B,930.3,750.2,0.33
2020-01-28,S5P4C,760.1,746,0.04
2020-01-28,S5P4D,705.9,218.9,1.44
2020-01-28,S5P5A,642.8,563.2,0.16
2020-01-28,S5P5B,574.8,346.7,1.21
2020-01-28,S5P5C,581.2,435.4,0.45
2020-01-28,S5P5D,549.1,547.2,0.02
2020-01-28,S5P6A,645.7,243.8,1.41
2020-01-28,S5P6B,669.8,562.7,0.22
2020-01-28,S5P6C,613.7,543.4,0.15
2020-01-28,S5P6D,604.5,405.6,0.52
2020-01-28,S5P7A,619.5,260.3,1.11
2020-01-28,S5P7B,632.4,194.8,1.47
2020-01-28,S5P7C,688,158.3,1.88
2020-01-28,S5P7D,625.1,356.2,0.72
2020-01-28,S5P8A,724.8,430,0.71
2020-01-28,S5P8B,849.8,618.5,0.42
2020-01-28,S5P8C,710.8,486.8,0.51
2020-01-28,S5P8D,524.3,251.1,1.43
2020-01-28,S6P1A,1778.1,953,1.69
2020-01-28,S6P1B,1954.2,540,4.82
2020-01-28,S6P1C,1857.3,1838.2,0.07
2020-01-28,S6P1D,1874,1769.3,0.16
2020-01-28,S6P2A,2094.3,866.6,2.7
2020-01-28,S6P2B,2146.2,605.3,3.21
2020-01-28,S6P2C,2066.1,1100.2,1.36
2020-01-28,S6P2D,2135.8,1818.5,0.38
2020-01-28,S6P3A,2356.9,2226.6,0.11
2020-01-28,S6P3B,1906.5,360.4,3.27
2020-01-28,S6P3C,1753.2,362.2,3.34
2020-01-28,S6P3D,1991.2,713.8,2.76
2020-01-28,S6P4A,1384.5,673,1.33
2020-01-28,S6P4B,1468.2,1090.9,0.52
2020-01-28,S6P4C,1433.5,1236.3,0.25
2020-01-28,S6P4D,1226.5,204,2.79
2020-01-28,S6P5A,1277,739.9,1.03
2020-01-28,S6P5B,1338.2,866.1,0.78
2020-01-28,S6P5C,1146.8,984,0.26
2020-01-28,S6P5D,1303.1,889.4,0.63
2020-01-28,S6P6A,1627.9,1230.1,0.52
2020-01-28,S6P6B,1550.3,743.9,1.33
2020-01-28,S6P6C,1470.4,648.4,1.58
2020-01-28,S6P6D,1407.3,643.4,1.54
2020-01-28,S6P7A,1519.3,1163.3,0.48
2020-01-28,S6P7B,1643.7,1183.3,0.61
2020-01-28,S6P7C,1623,1057.4,0.83
2020-01-28,S6P7D,1595.4,808.5,1.42
2020-01-28,S6P8A,1565.6,1148.4,0.57
2020-01-28,S6P8B,1453.2,1183.1,0.36
2020-01-28,S6P8C,1580.2,1062.6,0.72
2020-01-28,S6P8D,1695.4,956.2,1.1
2020-02-26,S2P1A,705.7,245.8,1.38
2020-02-26,S2P1B,658.6,149.5,1.89
2020-02-26,S2P1C,705.8,183.3,1.7
2020-02-26,S2P2A,670.8,168.5,1.85
2020-02-26,S2P2B,759.7,400.5,1.09
2020-02-26,S2P2C,602.7,243.4,1.09
2020-02-26,S2P3A,712.7,243.4,1.37
2020-02-26,S2P3B,659.5,607.4,0.14
2020-02-26,S2P3C,610.5,317,0.83
2020-02-26,S2P3D,654.8,361.4,0.86
2020-02-26,S2P4A,665.1,539.2,0.29
2020-02-26,S2P4B,686.2,248.8,1.34
2020-02-26,S2P4C,614.3,223.4,1.34
2020-02-26,S2P4D,583.6,192.5,1.4
2020-02-26,S2P5A,533.7,397.1,0.36
2020-02-26,S2P5B,526.3,388.6,0.36
2020-02-26,S2P5C,534.9,499,0.1
2020-02-26,S2P5D,548.6,394.2,0.43
2020-02-26,S2P6A,545.7,487,0.15
2020-02-26,S2P6B,474.9,314.9,0.94
2020-02-26,S2P6C,457.8,369.1,0.26
2020-02-26,S2P6D,449.4,319.7,0.84
2020-02-26,S2P7A,400.1,105.5,1.64
2020-02-26,S2P7B,389.5,99.4,1.72
2020-02-26,S2P7C,395.7,207.8,0.81
2020-02-26,S2P8B,417.9,284.4,0.5
2020-02-26,S2P8C,333.4,432,0
2020-02-26,S2P8D,387.6,216.5,0.74
2020-02-26,S3P1B,419.1,203,0.85
2020-02-26,S3P1C,437,280.9,0.63
2020-02-26,S3P1D,401.4,102.3,1.65
2020-02-26,S3P2A,370.8,87.9,1.83
2020-02-26,S3P2C,385.9,173.5,1.11
2020-02-26,S3P2D,420.4,133,1.47
2020-02-26,S3P3A,556.5,388.5,0.44
2020-02-26,S3P3B,581.3,512.8,0.15
2020-02-26,S3P3C,627.9,332.4,0.81
2020-02-26,S3P3D,729.9,576.7,0.3
2020-02-26,S3P4A,832.2,206.2,1.91
2020-02-26,S3P4B,671.7,285.7,1.24
2020-02-26,S3P4C,587.5,588.2,0.08
2020-02-26,S3P4D,615.1,458.9,0.42
2020-02-26,S3P5A,619.7,141.4,1.9
2020-02-26,S3P5B,580.5,112.8,2.23
2020-02-26,S3P5C,499.8,493.1,0.15
2020-02-26,S3P5D,552.4,160.2,1.8
2020-02-26,S3P6A,536.9,149.5,1.63
2020-02-26,S3P6B,517.9,115.7,1.83
2020-02-26,S3P6C,528,513.2,0.07
2020-02-26,S3P6D,546.6,165.1,1.54
2020-02-26,S3P7A,537.9,84.8,2.18
2020-02-26,S3P7C,514.3,162.7,1.36
2020-02-26,S3P7D,553.3,217.5,1.2
2020-02-26,S3P8A,429.6,95.9,1.81
2020-02-26,S3P8B,593.3,198,1.98
2020-02-26,S3P8D,796.9,247.8,1.68
2020-02-26,S4P1A,371.5,192.4,0.95
2020-02-26,S4P1C,525.2,347.9,0.54
2020-02-26,S4P1D,508.7,224.2,1.13
2020-02-26,S4P2A,372,229.4,0.66
2020-02-26,S4P2C,551.4,167.1,1.61
2020-02-26,S4P2D,594.5,180.4,1.54
2020-02-26,S4P3A,474.7,158.9,1.39
2020-02-26,S4P3B,486.3,308.2,0.81
2020-02-26,S4P3C,483.1,269.8,0.76
2020-02-26,S4P3D,461.5,464,0.01
2020-02-26,S4P4A,464.2,374.6,0.26
2020-02-26,S4P4B,508.6,216,1.14
2020-02-26,S4P4C,647.2,534.3,0.25
2020-02-26,S4P4D,621.6,622.2,0.04
2020-02-26,S4P5A,580.2,264.8,0.95
2020-02-26,S4P5B,526.6,241.3,1.07
2020-02-26,S4P5C,489.5,465.6,0.06
2020-02-26,S4P5D,487,195.4,1.17
2020-02-26,S4P6A,558.5,257.3,1.04
2020-02-26,S4P6B,548.6,208,1.28
2020-02-26,S4P6C,565.8,135.5,2.11
2020-02-26,,593.8,538,0.12
2020-02-26,,614.2,242.6,1.15
2020-02-26,,683.1,323.9,0.92
2020-02-26,S4P7A,693.2,193.7,1.6
2020-02-26,S4P7C,695.8,268.2,1.18
2020-02-26,S4P7D,626.8,183.4,1.49
2020-02-26,S4P8A,569.6,207.1,1.28
2020-02-26,S4P8B,755.2,124.6,2.29
2020-02-26,S4P8C,738.1,311.4,1.08
2020-02-26,S5P1A,783.1,58.8,3.52
2020-02-26,S5P1B,689.9,320.1,1.12
2020-02-26,S5P1D,664.3,50.3,3.18
2020-02-26,S5P2B,576.8,174.4,1.45
2020-02-26,S5P2C,520.3,112.4,1.84
2020-02-26,S5P2D,533.5,175.4,1.36
2020-02-26,S5P3A,496.7,390.6,0.29
2020-02-26,S5P3B,460.9,124.6,1.66
2020-02-26,S5P3C,403.9,423.3,0.04
2020-02-26,S5P3D,461.9,439.6,0.07
2020-02-26,S5P4A,477,383.9,0.26
2020-02-26,S5P4B,510.4,423.9,0.23
2020-02-26,S5P4C,490.3,69.3,2.59
2020-02-26,S5P4D,486.7,456.4,0.09
2020-02-26,S5P5A,467.6,325.4,0.54
2020-02-26,S5P5B,530.1,493.9,0.09
2020-02-26,S5P5C,483.3,513.4,0.05
2020-02-26,S5P5D,524,496.7,0.11
2020-02-26,S5P6A,594.5,548.5,0.1
2020-02-26,S5P6B,694.9,200.8,1.6
2020-02-26,S5P6C,709.1,445.2,0.63
2020-02-26,S5P6D,725.6,636.1,0.18
2020-02-26,S5P6B,732.3,730.1,0.04
2020-02-26,S5P7C,743.6,756.8,0.05
2020-02-26,S5P7B,749.4,646.6,0.2
2020-02-26,S5P7D,751.3,638.8,0.21
2020-02-26,S5P8B,878.2,847.2,0.18
2020-02-26,S5P8C,895.5,761.3,0.33
2020-02-26,S5P8D,724.5,194.8,1.89
2020-02-26,S6P1A,1001.2,312.3,1.88
2020-02-26,S6P1B,874,547.1,0.7
2020-02-26,S6P1D,740.2,330.1,1.21
2020-02-26,S6P2A,1280.5,435.6,1.98
2020-02-26,S6P2C,1033.6,410.6,1.85
2020-02-26,S6P2D,1236.6,836.3,0.7
2020-02-26,S6P3A,1399.6,346.4,2.37
2020-02-26,S6P3B,622,624.4,0.04
2020-02-26,S6P3C,749.2,247.4,1.79
2020-02-26,S6P3D,1238.7,386,2.21
2020-02-26,S6P4A,841.1,308.4,1.67
2020-02-26,S6P4B,862.6,463.4,1.21
2020-02-26,S6P4C,1051.1,634.9,0.79
2020-02-26,S6P4D,977.1,928.8,0.08
2020-02-26,S6P5A,902.3,796.9,0.2
2020-02-26,S6P5B,744.1,361.6,1.04
2020-02-26,S6P5C,877.3,397.5,1.11
2020-02-26,S6P5D,949.9,369.2,1.68
2020-02-26,S6P6A,801.6,266.4,1.75
2020-02-26,S6P6B,885.2,384.5,1.17
2020-02-26,S6P6C,952.7,225,2.33
2020-02-26,S6P6D,907.1,926.8,0.02
2020-02-26,S6P7A,905.6,121,2.92
2020-02-26,S6P7B,750.5,220.9,1.56
2020-02-26,S6P7C,660.9,194.4,1.48
2020-02-26,S6P8A,598,223,1.21
2020-02-26,S6P8B,843,593.9,0.66
2020-02-26,S6P8D,673.6,216.3,1.4
2020-03-10,S1P1A,511.6,460.7,0.12
2020-03-10,S1P1B,518.9,474.4,0.11
2020-03-10,S1P1C,459.4,499.7,0.04
2020-03-10,S1P2A,520.6,446.9,0.18
2020-03-10,S1P2B,523.9,453.3,0.17
2020-03-10,S1P2C,521.5,457.9,0.15
2020-03-10,S1P3A,522.5,279.7,0.78
2020-03-10,S1P3B,543.2,340.4,0.6
2020-03-10,S1P3C,605.1,386.8,0.55
2020-03-10,S1P3D,707.5,666.3,0.1
2020-03-10,S1P4A,1207.6,1059.6,0.25
2020-03-10,S1P4B,727.9,360.9,0.88
2020-03-10,S1P4C,721.3,348.8,0.9
2020-03-10,S1P4D,792.7,730.7,0.13
2020-03-10,S1P5A,1311.4,1033,0.38
2020-03-10,S1P5C,1606.4,395.8,2.49
2020-03-10,S1P5D,1452.3,1295.7,0.2
2020-03-10,S1P5B,1350.3,1063.3,0.41
2020-03-10,S1P6A,1335.6,932.3,0.61
2020-03-10,S1P6B,1172.6,1104.9,0.11
2020-03-10,S1P6C,788.5,558.7,0.43
2020-03-10,S1P6D,596.9,416.9,0.43
2020-03-10,S1P7A,564.4,299.9,0.86
2020-03-10,S1P7B,560.6,250.5,1.03
2020-03-10,S1P7C,585.9,508,0.18
2020-03-10,S1P8B,968.6,757.5,0.39
2020-03-10,S1P8C,1018.2,1063.3,0.21
2020-03-10,S1P8D,1681.3,1485.4,0.22
2020-03-10,S2P1B,1321.5,1099.8,0.31
2020-03-10,S2P1C,1359.8,1102.8,0.37
2020-03-10,S2P1D,1421,989.6,0.63
2020-03-10,S2P2A,1312.9,1312.7,0.05
2020-03-10,S2P2D,1282.2,754.4,0.87
2020-03-10,S2P3B,1335,661.7,1.49
2020-03-10,S2P3C,1277.9,1174.6,0.14
2020-03-10,S2P3D,1215.4,888.6,0.48
2020-03-10,S2P4A,1304.7,1276.7,0.06
2020-03-10,S2P4B,1250.7,953.9,0.55
2020-03-10,S2P4C,1072.2,653.1,0.89
2020-03-10,S2P5B,911.7,890.2,0.07
2020-03-10,S2P5C,871.9,440.6,1
2020-03-10,S2P5D,995.1,642.1,0.61
2020-03-10,S2P6B,1050,398,1.35
2020-03-10,S2P6C,986.6,525.7,1.09
2020-03-10,S2P6D,896.7,759.2,0.23
2020-03-10,S2P7A,503.5,460.6,0.11
2020-03-10,S2P7C,478.2,441.8,0.09
2020-03-10,S2P7D,493.7,434.5,0.16
2020-03-10,S2P8A,472.7,451.6,0.06
2020-03-10,S2P8B,431.6,405.2,0.09
2020-03-10,S2P8D,479.4,398.6,0.22
2020-03-10,S4P1A,591.8,368.3,0.55
2020-03-10,S4P1C,467,286.8,0.63
2020-03-10,S4P1D,544.7,387.2,0.4
2020-03-10,S4P2A,1066,763.8,0.5
2020-03-10,S4P2C,1197.4,1128.7,0.13
2020-03-10,S4P2D,1195.3,715,0.83
2020-03-10,S4P3A,1066.5,913.1,0.22
2020-03-10,S4P3C,1005.3,965,0.08
2020-03-10,S4P3D,1086.3,633.4,0.83
2020-03-10,S4P4B,1175.1,1118.1,0.08
2020-03-10,S4P4C,1069.4,845.4,0.35
2020-03-10,S4P4D,1080.3,504,1.26
2020-03-10,S4P5A,1180.4,760.9,0.68
2020-03-10,S4P5C,1073.7,202.6,2.41
2020-03-10,S4P5D,994.3,686.4,0.51
2020-03-10,S4P6A,1142.2,927.9,0.32
2020-03-10,S4P6B,1225.1,1173.3,0.11
2020-03-10,S4P6D,1213.4,921.7,0.48
2020-03-10,S4P7A,1320.2,1259.4,0.12
2020-03-10,S4P7C,1104.5,1186.3,0.14
2020-03-10,S4P7D,1313.7,1200.9,0.18
2020-03-10,S4P8A,1350.3,1360.5,0.03
2020-03-10,S4P8B,1309.8,1288.8,0.07
2020-03-10,S4P8C,1292.3,1207.6,0.12
2020-03-10,S5P1A,1428.6,1354.8,0.1
2020-03-10,S5P1B,1355.5,1325.7,0.06
2020-03-10,S5P1D,1377.5,931.3,0.65
2020-03-10,S5P2B,1389.3,1416.7,0.03
2020-03-10,S5P2C,1247.4,1182.8,0.1
2020-03-10,S5P2D,1439.4,1355.8,0.12
2020-03-10,S5P3A,1400.6,1096.9,0.54
2020-03-10,S5P3B,1273.1,1392.6,0.03
2020-03-10,S5P3C,1285.4,1008.7,0.47
2020-03-10,S5P4A,1569.1,1345.2,0.26
2020-03-10,S5P4C,1379.8,1290.4,0.13
2020-03-10,S5P4D,1384.2,535.8,1.75
2020-03-10,S5P5A,1463.9,1358.1,0.13
2020-03-10,S5P5B,1350.8,1061.7,0.48
2020-03-10,S5P5D,1212.8,868.6,0.56
2020-03-10,S5P6A,1354.3,301.3,2.61
2020-03-10,S5P6B,1338,1356.3,0.05
2020-03-10,S5P6C,1046.2,1052.4,0.17
2020-03-10,S5P7B,1210.4,1123.6,0.15
2020-03-10,S5P7C,1134.6,1004.4,0.19
2020-03-10,S5P7D,1150.7,843.9,0.47
2020-03-10,S5P8B,1090.3,998.9,0.13
2020-03-10,S5P8C,980.9,891.2,0.13
2020-03-10,S5P8D,916.1,729.9,0.31
2020-03-10,S6P1A,1544.8,1079,0.61
2020-03-10,S6P1C,1300.4,1285.9,0.05
2020-03-10,S6P1D,1232.6,598.8,1.1
2020-03-10,S6P2A,1293.2,1233,0.07
2020-03-10,S6P2C,1498.9,653.1,1.7
2020-03-10,S6P2D,1493.1,1142.5,0.48
2020-03-10,S6P3A,1271,860,0.65
2020-03-10,S6P3B,1182.7,645.8,1.11
2020-03-10,S6P3D,1294.1,786.3,0.95
2020-03-10,S6P4B,975.2,914.4,0.1
2020-03-10,S6P4C,965.4,590.8,0.72
2020-03-10,S6P4D,929.9,184.5,2.41
2020-03-10,S6P5A,1042.6,790.8,0.48
2020-03-10,S6P5C,964.4,1035.9,0.04
2020-03-10,S6P5D,1055.9,599.5,0.95
2020-03-10,S6P6A,1192.7,1192.2,0.07
2020-03-10,S6P6B,1231.7,948.3,0.6
2020-03-10,S6P6D,1286.7,653.2,1.38
2020-03-10,S6P7A,1382.4,1332.1,0.08
2020-03-10,S6P7B,1409.1,1356.9,0.09
2020-03-10,S6P7C,1403.1,1291.4,0.13
2020-03-10,S6P8A,1481.8,1402.6,0.1
2020-03-10,S6P8B,1463.3,1408.1,0.09
2020-03-10,S6P8D,1426.8,1077.4,0.5
