"Species","SubPlotID","Temperature","Water","Depth","Soil..total.wt..","Soil_moisture","Dry_Root","Dry_soil","Moisture....","Dry_soil_total","Root_mass.g.g.","Root_mass..mg.g.","Shelter","rooting_depth","Dry_Root_cum","root_biomass_total","beta","rooting.depth.cal"
"Bis","S1P7B","Amb","Drt","0_10",988.9,40.01,0.319,39.918,0.229942514,986.6260985,0.000323324,0.323324105,"S1",10,0.319,0.627723369421556,0.881367186186303,23.7227556509363
"Bis","S1P7B","Amb","Drt","10_20",1276.8,40.17,0.146,38.805,3.398058252,1233.413592,0.000118371,0.118370675,"S1",20,0.465,0.627723369421556,0.881367186186303,23.7227556509363
"Bis","S2P2D","Amb","Drt","0_10",1074.4,37.49,0.436,36.574,2.443318218,1048.148989,0.000415971,0.415971398,"S2",10,0.436,0.627723369421556,0.881367186186303,23.7227556509363
"Bis","S2P2D","Amb","Drt","10_20",1192.4,50.46,0.176,49.08,2.734839477,1159.789774,0.000151752,0.15175164,"S2",20,0.612,0.627723369421556,0.881367186186303,23.7227556509363
"Bis","S3P7B","Amb","Drt","0_10",1033.6,37.87,0.442,36.613,3.319250066,999.2922313,0.000442313,0.442313055,"S3",10,0.442,0.627723369421556,0.881367186186303,23.7227556509363
"Bis","S3P7B","Amb","Drt","10_20",1364.4,40.37,0.095,39.114,3.111221204,1321.950498,7.19e-05,0.071863508,"S3",20,0.537,0.627723369421556,0.881367186186303,23.7227556509363
"Bis","S4P8D","Amb","Drt","0_10",893,46.88,0.738,45.754,2.401877133,871.5512372,0.000846766,0.846766052,"S4",10,0.738,0.627723369421556,0.881367186186303,23.7227556509363
"Bis","S4P8D","Amb","Drt","10_20",1479.6,47.53,0.17,46.488,2.1922996,1447.162735,0.000117471,0.117471239,"S4",20,0.908,0.627723369421556,0.881367186186303,23.7227556509363
"Bis","S5P1C","Amb","Drt","0_10",937.2,40.38,0.344,39.457,2.285785042,915.7776226,0.000375637,0.375637045,"S5",10,0.344,0.627723369421556,0.881367186186303,23.7227556509363
"Bis","S5P1C","Amb","Drt","10_20",1239.8,40.48,0.112,39.573,2.240612648,1212.020884,9.24e-05,0.092407649,"S5",20,0.456,0.627723369421556,0.881367186186303,23.7227556509363
"Bis","S6P7D","Amb","Drt","0_10",925.9,42.62,0.422,41.584,2.43078367,903.393374,0.000467128,0.467127624,"S6",10,0.422,0.627723369421556,0.881367186186303,23.7227556509363
"Bis","S6P7D","Amb","Drt","10_20",1475.2,41.76,0.065,40.715,2.502394636,1438.284674,4.52e-05,0.045192722,"S6",20,0.487,0.627723369421556,0.881367186186303,23.7227556509363
"Bis","S1P8B","Amb","Con","0_10",987.9,41.17,0.298,39.804,3.317949964,955.1219723,0.000312002,0.312002036,"S1",10,0.298,0.608689367454213,0.854176920279312,19.0064105588904
"Bis","S1P8B","Amb","Con","10_20",1365.9,52.13,0.127,49.628,4.799539613,1300.343088,9.77e-05,0.097666532,"S1",20,0.425,0.608689367454213,0.854176920279312,19.0064105588904
"Bis","S2P1D","Amb","Con","0_10",1083.7,32.65,0.428,31.572,3.301684533,1047.919645,0.000408428,0.408428263,"S2",10,0.428,0.608689367454213,0.854176920279312,19.0064105588904
"Bis","S2P1D","Amb","Con","10_20",1238.9,48.4,0.065,46.332,4.272727273,1185.965182,5.48e-05,0.05480768,"S2",20,0.493,0.608689367454213,0.854176920279312,19.0064105588904
"Bis","S3P8C","Amb","Con","0_10",1045.9,38.26,0.628,36.863,3.651332985,1007.710708,0.000623195,0.623194727,"S3",10,0.628,0.608689367454213,0.854176920279312,19.0064105588904
"Bis","S3P8C","Amb","Con","10_20",1290.2,48.39,0.153,46.441,4.027691672,1238.234722,0.000123563,0.123563002,"S3",20,0.781,0.608689367454213,0.854176920279312,19.0064105588904
"Bis","S4P7B","Amb","Con","0_10",912.5,41.53,0.586,40.001,3.681675897,878.9047074,0.000666739,0.666738948,"S4",10,0.586,0.608689367454213,0.854176920279312,19.0064105588904
"Bis","S4P7B","Amb","Con","10_20",1335.3,44.64,0.125,42.428,4.955197133,1269.133253,9.85e-05,0.098492416,"S4",20,0.711,0.608689367454213,0.854176920279312,19.0064105588904
"Bis","S5P2A","Amb","Con","0_10",1031,40.1,0.246,37.805,5.72319202,971.9938903,0.000253088,0.253088011,"S5",10,0.246,0.608689367454213,0.854176920279312,19.0064105588904
"Bis","S5P2A","Amb","Con","10_20",1241.6,48.81,0.038,46.03,5.69555419,1170.883999,3.25e-05,0.032454112,"S5",20,0.284,0.608689367454213,0.854176920279312,19.0064105588904
"Bis","S6P8C","Amb","Con","0_10",983.4,37.39,0.711,35.507,5.036105911,933.8749345,0.000761344,0.761343916,"S6",10,0.711,0.608689367454213,0.854176920279312,19.0064105588904
"Bis","S6P8C","Amb","Con","10_20",1253.1,43.85,0.091,41.864,4.529076397,1196.346144,7.61e-05,0.076064942,"S6",20,0.802,0.608689367454213,0.854176920279312,19.0064105588904
"Dig","S1P7D","Amb","Drt","0_10",1135.6,22.08,0.92,21.707,1.689311594,1116.416178,0.000824065,0.82406545,"S1",10,0.92,3.65249602785976,0.953871703391729,63.4338281566342
"Dig","S1P7D","Amb","Drt","10_20",1232.7,45.21,0.784,44.039,2.590134926,1200.771407,0.000652914,0.652913615,"S1",20,1.704,3.65249602785976,0.953871703391729,63.4338281566342
"Dig","S2P2B","Amb","Drt","0_10",887.1,43.81,1.413,43.104,1.611504223,872.804346,0.00161892,1.618919528,"S2",10,1.413,3.65249602785976,0.953871703391729,63.4338281566342
"Dig","S2P2B","Amb","Drt","10_20",1322.5,32.31,0.943,31.695,1.903435469,1297.327066,0.000726879,0.726879154,"S2",20,2.356,3.65249602785976,0.953871703391729,63.4338281566342
"Dig","S3P7D","Amb","Drt","0_10",929.2,24.27,1.044,23.94,1.359703337,916.5656366,0.001139035,1.139034629,"S3",10,1.044,3.65249602785976,0.953871703391729,63.4338281566342
"Dig","S3P7D","Amb","Drt","10_20",1418.8,32.35,0.817,31.678,2.077279753,1389.327555,0.000588054,0.588054269,"S3",20,1.861,3.65249602785976,0.953871703391729,63.4338281566342
"Dig","S4P8C","Amb","Drt","0_10",794.7,23.11,1.515,22.933,0.765902207,788.6133752,0.001921093,1.921093463,"S4",10,1.515,3.65249602785976,0.953871703391729,63.4338281566342
"Dig","S4P8C","Amb","Drt","10_20",1666.3,52.69,1.09,51.931,1.440501044,1642.296931,0.000663705,0.663704583,"S4",20,2.605,3.65249602785976,0.953871703391729,63.4338281566342
"Dig","S5P1B","Amb","Drt","0_10",986.3,23.63,2.159,23.166,1.963605586,966.9329581,0.002232833,2.232833189,"S5",10,2.159,3.65249602785976,0.953871703391729,63.4338281566342
"Dig","S5P1B","Amb","Drt","10_20",1364,33.01,0.887,32.251,2.299303241,1332.637504,0.000665597,0.665597357,"S5",20,3.046,3.65249602785976,0.953871703391729,63.4338281566342
"Dig","S6P7B","Amb","Drt","0_10",962.8,41.06,1.198,40.61,1.095957136,952.2481247,0.001258075,1.258075463,"S6",10,1.198,3.65249602785976,0.953871703391729,63.4338281566342
"Dig","S6P7B","Amb","Drt","10_20",1421.1,26.61,0.623,26.14,1.766253288,1395.999775,0.000446275,0.446275144,"S6",20,1.821,3.65249602785976,0.953871703391729,63.4338281566342
"Dig","S1P8A","Amb","Con","0_10",1050.6,26.29,1.219,25.667,2.369722328,1025.703697,0.001188452,1.18845238,"S1",10,1.219,3.07308927053455,0.919042719267067,35.4849255562136
"Dig","S1P8A","Amb","Con","10_20",1353.9,35.36,0.928,34.371,2.796945701,1316.032152,0.00070515,0.705149945,"S1",20,2.147,3.07308927053455,0.919042719267067,35.4849255562136
"Dig","S2P1A","Amb","Con","0_10",924,25.93,1.543,25.196,2.830698033,897.8443502,0.001718561,1.718560683,"S2",10,1.543,3.07308927053455,0.919042719267067,35.4849255562136
"Dig","S2P1A","Amb","Con","10_20",1435.6,20.25,0.745,19.63,3.061728395,1391.645827,0.000535337,0.535337358,"S2",20,2.288,3.07308927053455,0.919042719267067,35.4849255562136
"Dig","S3P8D","Amb","Con","0_10",1044.9,31.36,0.644,30.413,3.019770408,1013.346419,0.000635518,0.635518109,"S3",10,0.644,3.07308927053455,0.919042719267067,35.4849255562136
"Dig","S3P8D","Amb","Con","10_20",1475.5,30.34,0.253,29.242,3.618984838,1422.101879,0.000177906,0.177905679,"S3",20,0.897,3.07308927053455,0.919042719267067,35.4849255562136
"Dig","S4P7A","Amb","Con","0_10",1003.4,24.95,2.528,24.499,1.80761523,985.2623888,0.002565814,2.565813969,"S4",10,2.528,3.07308927053455,0.919042719267067,35.4849255562136
"Dig","S4P7A","Amb","Con","10_20",1311.4,34.35,0.897,33.435,2.663755459,1276.467511,0.000702721,0.702720588,"S4",20,3.425,3.07308927053455,0.919042719267067,35.4849255562136
"Dig","S5P2B","Amb","Con","0_10",928.3,24.5,2.063,23.914,2.391836735,906.0965796,0.002276799,2.276799236,"S5",10,2.063,3.07308927053455,0.919042719267067,35.4849255562136
"Dig","S5P2B","Amb","Con","10_20",1335.4,32.67,0.997,31.688,3.005815733,1295.260337,0.000769729,0.769729429,"S5",20,3.06,3.07308927053455,0.919042719267067,35.4849255562136
"Dig","S6P8B","Amb","Con","0_10",1011.6,24.91,2.515,24.313,2.39662786,987.3557126,0.002547208,2.547207625,"S6",10,2.515,3.07308927053455,0.919042719267067,35.4849255562136
"Dig","S6P8B","Amb","Con","10_20",1306.4,32.36,0.699,31.535,2.549443758,1273.094067,0.000549056,0.54905605,"S6",20,3.214,3.07308927053455,0.919042719267067,35.4849255562136
"Kan","S1P1C","Amb","Drt","0_10",826.4,21.46,1.153,21.217,1.132339236,817.0423486,0.001411188,1.411187562,"S1",10,1.153,3.07191735725978,0.950770924604269,59.3424373342649
"Kan","S1P1C","Amb","Drt","10_20",1553.7,35.38,1.238,34.63,2.119841718,1520.764019,0.000814064,0.814064499,"S1",20,2.391,3.07191735725978,0.950770924604269,59.3424373342649
"Kan","S2P7C","Amb","Drt","0_10",952,24.52,1.124,24.095,1.733278956,935.4991843,0.001201498,1.201497574,"S2",10,1.124,3.07191735725978,0.950770924604269,59.3424373342649
"Kan","S2P7C","Amb","Drt","10_20",1548.8,26.9,0.502,26.256,2.394052045,1511.720922,0.000332072,0.332071874,"S2",20,1.626,3.07191735725978,0.950770924604269,59.3424373342649
"Kan","S3P2A","Amb","Drt","0_10",920.2,22.36,1.498,21.965,1.766547406,903.9442308,0.001657182,1.65718188,"S3",10,1.498,3.07191735725978,0.950770924604269,59.3424373342649
"Kan","S3P2A","Amb","Drt","10_20",1526.7,25.69,0.587,25.1,2.296613468,1491.637602,0.000393527,0.393527221,"S3",20,2.085,3.07191735725978,0.950770924604269,59.3424373342649
"Kan","S4P2C","Amb","Drt","0_10",874.2,24.16,1.013,23.876,1.175496689,863.9238079,0.001172557,1.172557106,"S4",10,1.013,3.07191735725978,0.950770924604269,59.3424373342649
"Kan","S4P2C","Amb","Drt","10_20",1546.4,29.94,0.719,29.476,1.549766199,1522.434415,0.00047227,0.472269933,"S4",20,1.732,3.07191735725978,0.950770924604269,59.3424373342649
"Kan","S5P7C","Amb","Drt","0_10",973.8,19.71,1.195,19.508,1.024860477,963.8199087,0.001239858,1.239858182,"S5",10,1.195,3.07191735725978,0.950770924604269,59.3424373342649
"Kan","S5P7C","Amb","Drt","10_20",1410.1,26.2,0.863,25.866,1.27480916,1392.123916,0.000619916,0.619916079,"S5",20,2.058,3.07191735725978,0.950770924604269,59.3424373342649
"Kan","S6P2A","Amb","Drt","0_10",1003.4,21.86,1.323,21.56,1.372369625,989.6296432,0.001336864,1.336863754,"S6",10,1.323,3.07191735725978,0.950770924604269,59.3424373342649
"Kan","S6P2A","Amb","Drt","10_20",1427.7,29.98,0.501,29.358,2.074716478,1398.079273,0.000358349,0.358348779,"S6",20,1.824,3.07191735725978,0.950770924604269,59.3424373342649
"Kan","S1P2D","Amb","Con","0_10",878.5,23.08,1.575,22.696,1.663778163,863.8837088,0.001823162,1.823162057,"S1",10,1.575,2.86995484479262,0.935441775951345,44.8890479136454
"Kan","S1P2D","Amb","Con","10_20",1520,25.47,0.819,24.967,1.974872399,1489.98194,0.000549671,0.549671092,"S1",20,2.394,2.86995484479262,0.935441775951345,44.8890479136454
"Kan","S2P8D","Amb","Con","0_10",930.7,22.69,1.234,22.226,2.044953724,911.6676157,0.001353563,1.35356349,"S2",10,1.234,2.86995484479262,0.935441775951345,44.8890479136454
"Kan","S2P8D","Amb","Con","10_20",1569.6,25.95,0.626,25.426,2.019267823,1537.905572,0.000407047,0.407047098,"S2",20,1.86,2.86995484479262,0.935441775951345,44.8890479136454
"Kan","S3P1D","Amb","Con","0_10",948.4,21.18,1.66,20.828,1.661945231,932.6381114,0.001779897,1.77989724,"S3",10,1.66,2.86995484479262,0.935441775951345,44.8890479136454
"Kan","S3P1D","Amb","Con","10_20",1522.4,25.87,0.96,25.167,2.71743332,1481.029795,0.000648198,0.648197628,"S3",20,2.62,2.86995484479262,0.935441775951345,44.8890479136454
"Kan","S4P1D","Amb","Con","0_10",864.4,24.52,0.995,24.154,1.492659054,851.4974551,0.00116853,1.168529623,"S4",10,0.995,2.86995484479262,0.935441775951345,44.8890479136454
"Kan","S4P1D","Amb","Con","10_20",1573.5,37.73,0.668,36.855,2.319109462,1537.008813,0.00043461,0.43461039,"S4",20,1.663,2.86995484479262,0.935441775951345,44.8890479136454
"Kan","S5P8D","Amb","Con","0_10",968.4,24.04,1.78,23.746,1.22296173,956.5568386,0.001860841,1.860840808,"S5",10,1.78,2.86995484479262,0.935441775951345,44.8890479136454
"Kan","S5P8D","Amb","Con","10_20",1510.8,30.21,0.906,29.658,1.827209533,1483.194518,0.000610844,0.610843682,"S5",20,2.686,2.86995484479262,0.935441775951345,44.8890479136454
"Kan","S6P1B","Amb","Con","0_10",927,23.56,1.141,23.131,1.820882852,910.120416,0.00125368,1.25368026,"S6",10,1.141,2.86995484479262,0.935441775951345,44.8890479136454
"Kan","S6P1B","Amb","Con","10_20",1552.7,33.54,0.323,32.668,2.599880739,1512.331652,0.000213577,0.213577491,"S6",20,1.464,2.86995484479262,0.935441775951345,44.8890479136454
"KanWal","S1P3B","Amb","Drt","0_10",981.5,21.87,0.413,21.641,1.047096479,971.2227481,0.000425237,0.425237157,"S1",10,0.413,4.93151099930506,0.987330959723913,234.959819949525
"KanWal","S1P3B","Amb","Drt","10_20",1398.9,32.66,0.77,32.042,1.892222903,1372.429694,0.000561049,0.561048776,"S1",20,1.183,4.93151099930506,0.987330959723913,234.959819949525
"KanWal","S1P5A","eT","Drt","0_10",1059,22,0.619,21.752,1.127272727,1047.062182,0.000591178,0.591177879,"S1",10,0.619,4.93151099930506,0.987330959723913,234.959819949525
"KanWal","S1P5A","eT","Drt","10_20",1513.4,27.26,0.396,26.804,1.672780631,1488.084138,0.000266114,0.266113985,"S1",20,1.015,4.93151099930506,0.987330959723913,234.959819949525
"KanWal","S2P3D","eT","Drt","0_10",977.3,24.36,1.415,24.006,1.45320197,963.0978571,0.001469217,1.469217265,"S2",10,1.415,4.93151099930506,0.987330959723913,234.959819949525
"KanWal","S2P3D","eT","Drt","10_20",1455.7,30.26,0.706,29.732,1.744877726,1430.299815,0.000493603,0.493602805,"S2",20,2.121,4.93151099930506,0.987330959723913,234.959819949525
"KanWal","S2P4D","Amb","Drt","0_10",831.8,34.18,0.637,33.803,1.102984201,822.6253774,0.00077435,0.774350047,"S2",10,0.637,4.93151099930506,0.987330959723913,234.959819949525
"KanWal","S2P4D","Amb","Drt","10_20",1673.9,30.22,1.166,29.566,2.164129715,1637.674633,0.000711985,0.711985138,"S2",20,1.803,4.93151099930506,0.987330959723913,234.959819949525
"KanWal","S3P5B","eT","Drt","0_10",1019.4,24.9,0.388,24.535,1.465863454,1004.456988,0.000386278,0.386278362,"S3",10,0.388,4.93151099930506,0.987330959723913,234.959819949525
"KanWal","S3P5B","eT","Drt","10_20",1551.8,26.95,0.224,26.369,2.155844156,1518.34561,0.000147529,0.147528994,"S3",20,0.612,4.93151099930506,0.987330959723913,234.959819949525
"KanWal","S3P6D","Amb","Drt","0_10",1122.7,23.84,0.36,23.568,1.140939597,1109.890671,0.000324356,0.324356272,"S3",10,0.36,4.93151099930506,0.987330959723913,234.959819949525
"KanWal","S3P6D","Amb","Drt","10_20",1316.3,30.42,0.222,29.823,1.962524655,1290.467288,0.000172031,0.172030707,"S3",20,0.582,4.93151099930506,0.987330959723913,234.959819949525
"KanWal","S4P4B","Amb","Drt","0_10",1027.8,24.11,0.518,23.929,0.75072584,1020.08404,0.000507801,0.507801299,"S4",10,0.518,4.93151099930506,0.987330959723913,234.959819949525
"KanWal","S4P4B","Amb","Drt","10_20",1332.7,22.54,0.174,22.231,1.370896185,1314.430067,0.000132377,0.132376765,"S4",20,0.692,4.93151099930506,0.987330959723913,234.959819949525
"KanWal","S4P6B","eT","Drt","0_10",903.4,23.15,0.505,22.959,0.825053996,895.9464622,0.00056365,0.563649751,"S4",10,0.505,4.93151099930506,0.987330959723913,234.959819949525
"KanWal","S4P6B","eT","Drt","10_20",1542.8,34.99,0.834,34.415,1.643326665,1517.446756,0.000549607,0.549607422,"S4",20,1.339,4.93151099930506,0.987330959723913,234.959819949525
"KanWal","S5P4C","Amb","Drt","0_10",984.6,24.28,1.023,23.955,1.338550247,971.4206343,0.001053097,1.05309684,"S5",10,1.023,4.93151099930506,0.987330959723913,234.959819949525
"KanWal","S5P4C","Amb","Drt","10_20",1364.1,33.82,0.627,33.213,1.794795979,1339.617188,0.000468044,0.468044159,"S5",20,1.65,4.93151099930506,0.987330959723913,234.959819949525
"KanWal","S5P5A","eT","Drt","0_10",952.9,24.84,0.592,24.658,0.732689211,945.9182045,0.000625847,0.625846925,"S5",10,0.592,4.93151099930506,0.987330959723913,234.959819949525
"KanWal","S5P5A","eT","Drt","10_20",1457.4,28.47,0.253,27.949,1.829996488,1430.729631,0.000176833,0.176832851,"S5",20,0.845,4.93151099930506,0.987330959723913,234.959819949525
"KanWal","S6P3A","eT","Drt","0_10",977.6,26.51,0.314,26.239,1.022255753,967.6064278,0.000324512,0.324512106,"S6",10,0.314,4.93151099930506,0.987330959723913,234.959819949525
"KanWal","S6P3A","eT","Drt","10_20",1421.8,21.86,0.49,21.522,1.546203111,1399.816084,0.000350046,0.350045985,"S6",20,0.804,4.93151099930506,0.987330959723913,234.959819949525
"KanWal","S6P6A","Amb","Drt","0_10",988.1,27.07,0.3,26.808,0.967861101,978.5365645,0.00030658,0.306580266,"S6",10,0.3,4.93151099930506,0.987330959723913,234.959819949525
"KanWal","S6P6A","Amb","Drt","10_20",1461.2,24.11,0.374,23.924,0.771464123,1449.927366,0.000257944,0.257943955,"S6",20,0.674,4.93151099930506,0.987330959723913,234.959819949525
"KanWal","S1P4D","eT","Con","0_10",1036.9,30.18,0.649,29.737,1.46785951,1021.679765,0.000635228,0.635228398,"S1",10,0.649,2.57017958421062,0.972580736437241,107.751675207965
"KanWal","S1P4D","eT","Con","10_20",1549,31.65,0.651,30.945,2.227488152,1514.496209,0.000429846,0.429845909,"S1",20,1.3,2.57017958421062,0.972580736437241,107.751675207965
"KanWal","S1P6C","Amb","Con","0_10",982.4,21.95,0.88,21.506,2.022779043,962.5282187,0.000914259,0.91425891,"S1",10,0.88,2.57017958421062,0.972580736437241,107.751675207965
"KanWal","S1P6C","Amb","Con","10_20",1282,31.49,0.695,30.563,2.94379168,1244.260591,0.000558565,0.558564665,"S1",20,1.575,2.57017958421062,0.972580736437241,107.751675207965
"KanWal","S2P5D","Amb","Con","0_10",1090.6,26.82,0.698,26.277,2.024608501,1068.51962,0.00065324,0.653240228,"S2",10,0.698,2.57017958421062,0.972580736437241,107.751675207965
"KanWal","S2P5D","Amb","Con","10_20",1413.2,31.63,0.279,30.752,2.775845716,1373.971748,0.000203061,0.203060944,"S2",20,0.977,2.57017958421062,0.972580736437241,107.751675207965
"KanWal","S2P6B","eT","Con","0_10",1083.7,32.63,1.03,32.128,1.538461538,1067.027692,0.000965298,0.965298284,"S2",10,1.03,2.57017958421062,0.972580736437241,107.751675207965
"KanWal","S2P6B","eT","Con","10_20",1156.9,26.31,0.593,25.802,1.930824781,1134.562288,0.000522669,0.522668527,"S2",20,1.623,2.57017958421062,0.972580736437241,107.751675207965
"KanWal","S3P3C","Amb","Con","0_10",912.6,27.45,0.395,26.883,2.06557377,893.7495738,0.000441958,0.441958253,"S3",10,0.395,2.57017958421062,0.972580736437241,107.751675207965
"KanWal","S3P3C","Amb","Con","10_20",1345,28.3,0.356,27.498,2.833922261,1306.883746,0.000272404,0.272403725,"S3",20,0.751,2.57017958421062,0.972580736437241,107.751675207965
"KanWal","S3P4A","eT","Con","0_10",1076.6,26.1,0.89,25.698,1.540229885,1060.017885,0.000839608,0.839608475,"S3",10,0.89,2.57017958421062,0.972580736437241,107.751675207965
"KanWal","S3P4A","eT","Con","10_20",1312.3,30.26,0.458,29.63,2.081956378,1284.978486,0.000356426,0.356426201,"S3",20,1.348,2.57017958421062,0.972580736437241,107.751675207965
"KanWal","S4P3A","eT","Con","0_10",993.1,24.21,0.425,23.869,1.408508881,979.1120983,0.000434067,0.434066743,"S4",10,0.425,2.57017958421062,0.972580736437241,107.751675207965
"KanWal","S4P3A","eT","Con","10_20",1444.5,36.42,0.445,35.619,2.199341021,1412.730519,0.000314993,0.314992841,"S4",20,0.87,2.57017958421062,0.972580736437241,107.751675207965
"KanWal","S4P5D","Amb","Con","0_10",1067.5,24.23,0.25,23.784,1.840693355,1047.850598,0.000238584,0.238583631,"S4",10,0.25,2.57017958421062,0.972580736437241,107.751675207965
"KanWal","S4P5D","Amb","Con","10_20",1345.8,26.66,0.339,25.99,2.513128282,1311.97832,0.000258388,0.258388416,"S4",20,0.589,2.57017958421062,0.972580736437241,107.751675207965
"KanWal","S5P3B","eT","Con","0_10",912.6,22.24,0.461,22.072,0.755395683,905.706259,0.000508995,0.508995047,"S5",10,0.461,2.57017958421062,0.972580736437241,107.751675207965
"KanWal","S5P3B","eT","Con","10_20",1493.1,31.46,0.465,30.833,1.993006993,1463.342413,0.000317766,0.317765682,"S5",20,0.926,2.57017958421062,0.972580736437241,107.751675207965
"KanWal","S5P6B","Amb","Con","0_10",997.1,26.81,0.823,26.34,1.75307721,979.6200671,0.000840122,0.840121622,"S5",10,0.823,2.57017958421062,0.972580736437241,107.751675207965
"KanWal","S5P6B","Amb","Con","10_20",1268.1,27.36,0.569,26.721,2.335526316,1238.483191,0.000459433,0.459432961,"S5",20,1.392,2.57017958421062,0.972580736437241,107.751675207965
"KanWal","S6P4B","Amb","Con","0_10",1002.2,22.28,0.255,22.017,1.18043088,990.3697217,0.00025748,0.2574796,"S6",10,0.255,2.57017958421062,0.972580736437241,107.751675207965
"KanWal","S6P4B","Amb","Con","10_20",1075.5,26.61,0.343,26.149,1.732431417,1056.8677,0.000324544,0.324543933,"S6",20,0.598,2.57017958421062,0.972580736437241,107.751675207965
"KanWal","S6P5C","eT","Con","0_10",974.9,21.83,0.73,21.522,1.410902428,961.1451122,0.000759511,0.759510703,"S6",10,0.73,2.57017958421062,0.972580736437241,107.751675207965
"KanWal","S6P5C","eT","Con","10_20",1294.1,25.55,0.476,25.14,1.604696673,1273.33362,0.000373822,0.373821905,"S6",20,1.206,2.57017958421062,0.972580736437241,107.751675207965
"Luc","S1P3D","Amb","Drt","0_10",1011,23.37,0.528,23.123,1.056910569,1000.314634,0.000527834,0.527833925,"S1",10,0.528,1.56848728276529,0.959218209590682,71.9493355413171
"Luc","S1P3D","Amb","Drt","10_20",1406,27.97,0.16,27.587,1.369324276,1386.747301,0.000115378,0.115377906,"S1",20,0.688,1.56848728276529,0.959218209590682,71.9493355413171
"Luc","S1P5B","eT","Drt","0_10",915.1,23.86,0.2,23.589,1.135792121,904.7063663,0.000221066,0.221066202,"S1",10,0.2,1.56848728276529,0.959218209590682,71.9493355413171
"Luc","S1P5B","eT","Drt","10_20",1368.6,33.27,0.348,32.625,1.938683499,1342.067178,0.000259301,0.259301476,"S1",20,0.548,1.56848728276529,0.959218209590682,71.9493355413171
"Luc","S2P3B","eT","Drt","0_10",731.9,20.82,0.362,20.638,0.874159462,725.5020269,0.000498965,0.498964836,"S2",10,0.362,1.56848728276529,0.959218209590682,71.9493355413171
"Luc","S2P3B","eT","Drt","10_20",1538.1,27.49,0.181,26.989,1.822480902,1510.068421,0.000119862,0.119862118,"S2",20,0.543,1.56848728276529,0.959218209590682,71.9493355413171
"Luc","S2P4A","Amb","Drt","0_10",1001.4,22.77,0.274,22.547,0.979358805,991.5927009,0.000276323,0.276323131,"S2",10,0.274,1.56848728276529,0.959218209590682,71.9493355413171
"Luc","S2P4A","Amb","Drt","10_20",1340.4,33.18,0.286,32.766,1.247739602,1323.675298,0.000216065,0.216065073,"S2",20,0.56,1.56848728276529,0.959218209590682,71.9493355413171
"Luc","S3P5C","eT","Drt","0_10",1001.4,22.21,0.56,21.961,1.121116614,990.1731382,0.000565558,0.565557657,"S3",10,0.56,1.56848728276529,0.959218209590682,71.9493355413171
"Luc","S3P5C","eT","Drt","10_20",1463,29.94,0.955,29.399,1.806947228,1436.564362,0.000664781,0.664780517,"S3",20,1.515,1.56848728276529,0.959218209590682,71.9493355413171
"Luc","S3P6C","Amb","Drt","0_10",1005.6,23.05,0.442,22.81,1.041214751,995.1295445,0.000444163,0.444163277,"S3",10,0.442,1.56848728276529,0.959218209590682,71.9493355413171
"Luc","S3P6C","Amb","Drt","10_20",1442.8,24.75,0.239,24.316,1.753535354,1417.499992,0.000168607,0.168606703,"S3",20,0.681,1.56848728276529,0.959218209590682,71.9493355413171
"Luc","S4P4D","Amb","Drt","0_10",1030.8,21.8,0.656,21.567,1.068807339,1019.782734,0.000643274,0.643274276,"S4",10,0.656,1.56848728276529,0.959218209590682,71.9493355413171
"Luc","S4P4D","Amb","Drt","10_20",1471.5,29.93,0.24,29.387,1.814233211,1444.803558,0.000166113,0.166112548,"S4",20,0.896,1.56848728276529,0.959218209590682,71.9493355413171
"Luc","S4P6D","eT","Drt","0_10",1028.7,26.51,0.796,26.11,1.508864579,1013.17831,0.000785647,0.785646507,"S4",10,0.796,1.56848728276529,0.959218209590682,71.9493355413171
"Luc","S4P6D","eT","Drt","10_20",1386.9,41.91,0.704,40.978,2.223812932,1356.057938,0.000519152,0.519151859,"S4",20,1.5,1.56848728276529,0.959218209590682,71.9493355413171
"Luc","S5P4D","Amb","Drt","0_10",1006.7,21.63,1.011,21.401,1.058714748,996.0419186,0.001015018,1.015017522,"S5",10,1.011,1.56848728276529,0.959218209590682,71.9493355413171
"Luc","S5P4D","Amb","Drt","10_20",1389.5,27.49,0.169,27.025,1.691524191,1365.996271,0.000123719,0.123719225,"S5",20,1.18,1.56848728276529,0.959218209590682,71.9493355413171
"Luc","S5P5B","eT","Drt","0_10",1072.3,23.34,0.218,23.185,0.664095973,1065.178899,0.00020466,0.204660457,"S5",10,0.218,1.56848728276529,0.959218209590682,71.9493355413171
"Luc","S5P5B","eT","Drt","10_20",1401.6,28.69,0.159,28.358,1.15719763,1385.380718,0.00011477,0.114769895,"S5",20,0.377,1.56848728276529,0.959218209590682,71.9493355413171
"Luc","S6P3B","eT","Drt","0_10",1051.7,24.1,0.899,23.943,0.651452282,1044.848676,0.000860412,0.860411675,"S6",10,0.899,1.56848728276529,0.959218209590682,71.9493355413171
"Luc","S6P3B","eT","Drt","10_20",1355,29.48,0.168,29.063,1.414518318,1335.833277,0.000125764,0.125764197,"S6",20,1.067,1.56848728276529,0.959218209590682,71.9493355413171
"Luc","S6P6D","Amb","Drt","0_10",886,21.36,0.464,21.171,0.884831461,878.1603933,0.000528377,0.52837728,"S6",10,0.464,1.56848728276529,0.959218209590682,71.9493355413171
"Luc","S6P6D","Amb","Drt","10_20",1324.3,36.32,0.618,35.544,2.136563877,1296.005485,0.00047685,0.476849834,"S6",20,1.082,1.56848728276529,0.959218209590682,71.9493355413171
"Luc","S1P4C","eT","Con","0_10",968,27.65,0.774,27.336,1.13562387,957.0071609,0.000808771,0.808771378,"S1",10,0.774,1.72148433638524,0.941868852421561,50.021213236291
"Luc","S1P4C","eT","Con","10_20",1458.5,33.8,0.21,33.224,1.704142012,1433.645089,0.00014648,0.146479768,"S1",20,0.984,1.72148433638524,0.941868852421561,50.021213236291
"Luc","S1P6A","Amb","Con","0_10",994.9,23.59,0.535,23.166,1.797371768,977.0179483,0.000547585,0.547584618,"S1",10,0.535,1.72148433638524,0.941868852421561,50.021213236291
"Luc","S1P6A","Amb","Con","10_20",1297.3,31.82,0.584,31.036,2.463859208,1265.336354,0.000461537,0.46153736,"S1",20,1.119,1.72148433638524,0.941868852421561,50.021213236291
"Luc","S2P5C","Amb","Con","0_10",1089.7,23.87,1.404,23.481,1.629660662,1071.941588,0.001309773,1.309772861,"S2",10,1.404,1.72148433638524,0.941868852421561,50.021213236291
"Luc","S2P5C","Amb","Con","10_20",1119.7,24.66,0.38,24.066,2.408759124,1092.729124,0.000347753,0.347753155,"S2",20,1.784,1.72148433638524,0.941868852421561,50.021213236291
"Luc","S2P6A","eT","Con","0_10",925.6,21.92,0.697,21.609,1.41879562,912.4676277,0.000763863,0.763862716,"S2",10,0.697,1.72148433638524,0.941868852421561,50.021213236291
"Luc","S2P6A","eT","Con","10_20",1443.6,32.34,0.24,31.793,1.691403834,1419.182894,0.000169111,0.169111396,"S2",20,0.937,1.72148433638524,0.941868852421561,50.021213236291
"Luc","S3P3B","Amb","Con","0_10",917.6,22.86,0.672,22.587,1.194225722,906.6417848,0.000741197,0.741196811,"S3",10,0.672,1.72148433638524,0.941868852421561,50.021213236291
"Luc","S3P3B","Amb","Con","10_20",1239.1,31.86,1.215,31.296,1.770244821,1217.164896,0.000998221,0.998221361,"S3",20,1.887,1.72148433638524,0.941868852421561,50.021213236291
"Luc","S3P4C","eT","Con","0_10",1002.3,21.87,0.816,21.62,1.143118427,990.842524,0.000823542,0.823541562,"S3",10,0.816,1.72148433638524,0.941868852421561,50.021213236291
"Luc","S3P4C","eT","Con","10_20",1322.6,29.07,0.599,28.546,1.80254558,1298.759532,0.000461209,0.461209319,"S3",20,1.415,1.72148433638524,0.941868852421561,50.021213236291
"Luc","S4P3D","eT","Con","0_10",889.5,22.1,0.288,21.807,1.325791855,877.7070814,0.000328128,0.328127693,"S4",10,0.288,1.72148433638524,0.941868852421561,50.021213236291
"Luc","S4P3D","eT","Con","10_20",1455.7,27.12,0.28,26.618,1.851032448,1428.754521,0.000195975,0.195974883,"S4",20,0.568,1.72148433638524,0.941868852421561,50.021213236291
"Luc","S4P5C","Amb","Con","0_10",1020.8,22.9,0.622,22.584,1.379912664,1006.713852,0.000617852,0.617851835,"S4",10,0.622,1.72148433638524,0.941868852421561,50.021213236291
"Luc","S4P5C","Amb","Con","10_20",1228.2,34.64,0.342,33.796,2.436489607,1198.275035,0.00028541,0.285410269,"S4",20,0.964,1.72148433638524,0.941868852421561,50.021213236291
"Luc","S5P3C","eT","Con","0_10",1095.5,30.89,0.554,30.413,1.544189058,1078.583409,0.000513637,0.513636679,"S5",10,0.554,1.72148433638524,0.941868852421561,50.021213236291
"Luc","S5P3C","eT","Con","10_20",1224.1,27.27,0.283,26.825,1.63182985,1204.124771,0.000235025,0.235025478,"S5",20,0.837,1.72148433638524,0.941868852421561,50.021213236291
"Luc","S5P6A","Amb","Con","0_10",975,21.66,1.549,21.371,1.334256694,961.9909972,0.001610202,1.610202179,"S5",10,1.549,1.72148433638524,0.941868852421561,50.021213236291
"Luc","S5P6A","Amb","Con","10_20",1277.4,26.32,0.503,26.015,1.15881459,1262.597302,0.000398385,0.398385138,"S5",20,2.052,1.72148433638524,0.941868852421561,50.021213236291
"Luc","S6P4D","Amb","Con","0_10",1004.7,25.25,0.929,24.849,1.588118812,988.7441703,0.000939576,0.939575704,"S6",10,0.929,1.72148433638524,0.941868852421561,50.021213236291
"Luc","S6P4D","Amb","Con","10_20",1327.6,33.8,0.301,33.267,1.576923077,1306.664769,0.000230357,0.230357477,"S6",20,1.23,1.72148433638524,0.941868852421561,50.021213236291
"Luc","S6P5A","eT","Con","0_10",1042.8,25.41,0.468,25.158,0.991735537,1032.458182,0.000453287,0.453287124,"S6",10,0.468,1.72148433638524,0.941868852421561,50.021213236291
"Luc","S6P5A","eT","Con","10_20",1485.4,26.01,0.177,25.703,1.180315263,1467.867597,0.000120583,0.120583083,"S6",20,0.645,1.72148433638524,0.941868852421561,50.021213236291
"Rye","S1P1A","Amb","Drt","0_10",947.9,45.25,1.144,44.212,2.293922652,926.1559072,0.001235213,1.235213198,"S1",10,1.144,1.69790271238178,0.881331154105601,23.7150780057721
"Rye","S1P1A","Amb","Drt","10_20",1360,49.2,0.205,47.937,2.567073171,1325.087805,0.000154707,0.154706729,"S1",20,1.349,1.69790271238178,0.881331154105601,23.7150780057721
"Rye","S2P7D","Amb","Drt","0_10",992.7,45.27,1.243,44.106,2.571239231,967.1753082,0.001285186,1.285185829,"S2",10,1.243,1.69790271238178,0.881331154105601,23.7150780057721
"Rye","S2P7D","Amb","Drt","10_20",1331.3,24.65,0.46,24.311,1.37525355,1312.991249,0.000350345,0.350345061,"S2",20,1.703,1.69790271238178,0.881331154105601,23.7150780057721
"Rye","S3P2B","Amb","Drt","0_10",1021.4,40.22,1.391,39.379,2.090999503,1000.042531,0.001390941,1.390940842,"S3",10,1.391,1.69790271238178,0.881331154105601,23.7150780057721
"Rye","S3P2B","Amb","Drt","10_20",1314.5,26.33,0.467,25.907,1.606532472,1293.382131,0.000361069,0.361068851,"S3",20,1.858,1.69790271238178,0.881331154105601,23.7150780057721
"Rye","S4P2B","Amb","Drt","0_10",995.1,39.5,1.074,38.196,3.301265823,962.2491038,0.001116135,1.1161351,"S4",10,1.074,1.69790271238178,0.881331154105601,23.7150780057721
"Rye","S4P2B","Amb","Drt","10_20",1311.4,28.37,0.275,27.89,1.691928093,1289.212055,0.000213309,0.213308586,"S4",20,1.349,1.69790271238178,0.881331154105601,23.7150780057721
"Rye","S5P7A","Amb","Drt","0_10",963.7,41.16,1.442,39.924,3.002915452,934.7609038,0.00154264,1.54264047,"S5",10,1.442,1.69790271238178,0.881331154105601,23.7150780057721
"Rye","S5P7A","Amb","Drt","10_20",1273.5,50.43,0.28,49.003,2.829664882,1237.464218,0.000226269,0.226269169,"S5",20,1.722,1.69790271238178,0.881331154105601,23.7150780057721
"Rye","S6P2B","Amb","Drt","0_10",966.7,43.97,1.013,42.991,2.226518081,945.1762497,0.001071758,1.071757781,"S6",10,1.013,1.69790271238178,0.881331154105601,23.7150780057721
"Rye","S6P2B","Amb","Drt","10_20",1344,33.67,0.379,32.98,2.049302049,1316.45738,0.000287894,0.287893862,"S6",20,1.392,1.69790271238178,0.881331154105601,23.7150780057721
"Rye","S1P2B","Amb","Con","0_10",1033.3,48.18,1.981,46.44,3.611457036,995.9828144,0.00198899,1.988990142,"S1",10,1.981,1.92427914654329,0.865925233521699,20.8099523979006
"Rye","S1P2B","Amb","Con","10_20",1323.8,52.05,0.569,49.591,4.724303554,1261.25967,0.000451136,0.451136284,"S1",20,2.55,1.92427914654329,0.865925233521699,20.8099523979006
"Rye","S2P8A","Amb","Con","0_10",1185.6,39.92,1.611,38.316,4.018036072,1137.962164,0.001415689,1.415688544,"S2",10,1.611,1.92427914654329,0.865925233521699,20.8099523979006
"Rye","S2P8A","Amb","Con","10_20",1223,52.58,0.289,49.763,5.357550399,1157.477159,0.000249681,0.249680953,"S2",20,1.9,1.92427914654329,0.865925233521699,20.8099523979006
"Rye","S3P1A","Amb","Con","0_10",991.2,45.07,1.886,43.416,3.669846905,954.8244775,0.001975232,1.975232144,"S3",10,1.886,1.92427914654329,0.865925233521699,20.8099523979006
"Rye","S3P1A","Amb","Con","10_20",1333.4,31.61,0.319,30.665,2.989560266,1293.537203,0.000246611,0.246610611,"S3",20,2.205,1.92427914654329,0.865925233521699,20.8099523979006
"Rye","S4P1B","Amb","Con","0_10",947.2,46.08,1.524,44.629,3.148871528,917.3738889,0.001661264,1.661263764,"S4",10,1.524,1.92427914654329,0.865925233521699,20.8099523979006
"Rye","S4P1B","Amb","Con","10_20",1289.3,32.58,0.64,31.729,2.612031921,1255.623072,0.000509707,0.509707104,"S4",20,2.164,1.92427914654329,0.865925233521699,20.8099523979006
"Rye","S5P8A","Amb","Con","0_10",1108.7,42.9,0.637,41.085,4.230769231,1061.793462,0.000599928,0.599928351,"S5",10,0.637,1.92427914654329,0.865925233521699,20.8099523979006
"Rye","S5P8A","Amb","Con","10_20",1281.5,28.52,0.135,27.59,3.260869565,1239.711957,0.000108896,0.108896264,"S5",20,0.772,1.92427914654329,0.865925233521699,20.8099523979006
"Rye","S6P1C","Amb","Con","0_10",1084.5,45.01,1.17,42.959,4.556765163,1035.081882,0.001130345,1.130345358,"S6",10,1.17,1.92427914654329,0.865925233521699,20.8099523979006
"Rye","S6P1C","Amb","Con","10_20",1195.4,28.59,0.136,27.667,3.228401539,1156.807688,0.000117565,0.117564917,"S6",20,1.306,1.92427914654329,0.865925233521699,20.8099523979006
"Rho","S1P7C","Amb","Drt","0_10",919,26.24,0.525,25.709,2.023628049,900.4028582,0.000583072,0.583072338,"S1",10,0.525,1.89779831872975,0.9076242775243,30.9078066243633
"Rho","S1P7C","Amb","Drt","10_20",1213.7,34.24,0.418,33.366,2.552570093,1182.719457,0.000353423,0.353422781,"S1",20,0.943,1.89779831872975,0.9076242775243,30.9078066243633
"Rho","S2P2A","Amb","Drt","0_10",987.5,27.63,1.349,27.133,1.798769453,969.7371516,0.001391099,1.391098606,"S2",10,1.349,1.89779831872975,0.9076242775243,30.9078066243633
"Rho","S2P2A","Amb","Drt","10_20",1250.8,36.04,0.65,35.186,2.369589345,1221.161176,0.00053228,0.532280269,"S2",20,1.999,1.89779831872975,0.9076242775243,30.9078066243633
"Rho","S3P7A","Amb","Drt","0_10",998.2,39.4,1.324,38.81,1.497461929,983.252335,0.001346552,1.346551595,"S3",10,1.324,1.89779831872975,0.9076242775243,30.9078066243633
"Rho","S3P7A","Amb","Drt","10_20",1327.7,28.8,0.306,28.028,2.680555556,1292.110264,0.000236822,0.236821894,"S3",20,1.63,1.89779831872975,0.9076242775243,30.9078066243633
"Rho","S4P8B","Amb","Drt","0_10",978.1,20.37,1.829,20.135,1.153657339,966.8160776,0.001891777,1.891776567,"S4",10,1.829,1.89779831872975,0.9076242775243,30.9078066243633
"Rho","S4P8B","Amb","Drt","10_20",1250.6,22.33,0.555,21.988,1.531571876,1231.446162,0.00045069,0.450689618,"S4",20,2.384,1.89779831872975,0.9076242775243,30.9078066243633
"Rho","S5P1A","Amb","Drt","0_10",987.4,21.46,1.348,21.002,2.134203169,966.3268779,0.001394973,1.394973099,"S5",10,1.348,1.89779831872975,0.9076242775243,30.9078066243633
"Rho","S5P1A","Amb","Drt","10_20",1267.4,27.32,0.274,26.695,2.287701318,1238.405673,0.000221252,0.221252216,"S5",20,1.622,1.89779831872975,0.9076242775243,30.9078066243633
"Rho","S6P7A","Amb","Drt","0_10",1070,22.17,0.692,21.735,1.962110961,1049.005413,0.000659672,0.659672478,"S6",10,0.692,1.89779831872975,0.9076242775243,30.9078066243633
"Rho","S6P7A","Amb","Drt","10_20",1304.5,25.63,0.478,24.918,2.777994538,1268.261061,0.000376894,0.376894012,"S6",20,1.17,1.89779831872975,0.9076242775243,30.9078066243633
"Rho","S1P8D","Amb","Con","0_10",1054.2,25.9,1.164,25.186,2.756756757,1025.13827,0.001135457,1.135456585,"S1",10,1.164,2.76412883652583,0.932394029022006,42.7963124550499
"Rho","S1P8D","Amb","Con","10_20",1180.7,33.24,0.851,32.205,3.113718412,1143.936327,0.000743923,0.743922524,"S1",20,2.015,2.76412883652583,0.932394029022006,42.7963124550499
"Rho","S2P1C","Amb","Con","0_10",902,26.92,1.142,26.224,2.585438336,878.6793462,0.001299678,1.299677755,"S2",10,1.142,2.76412883652583,0.932394029022006,42.7963124550499
"Rho","S2P1C","Amb","Con","10_20",1163.8,31.08,0.899,30.07,3.24967825,1125.980245,0.000798415,0.798415429,"S2",20,2.041,2.76412883652583,0.932394029022006,42.7963124550499
"Rho","S3P8B","Amb","Con","0_10",1002.7,22.55,1.568,22.028,2.314855876,979.4889401,0.001600835,1.600834819,"S3",10,1.568,2.76412883652583,0.932394029022006,42.7963124550499
"Rho","S3P8B","Amb","Con","10_20",1251.4,30.64,0.615,29.723,2.992819843,1213.947852,0.000506612,0.506611547,"S3",20,2.183,2.76412883652583,0.932394029022006,42.7963124550499
"Rho","S4P7D","Amb","Con","0_10",1045.7,46.81,1.556,45.791,2.176885281,1022.936311,0.001521111,1.521111318,"S4",10,1.556,2.76412883652583,0.932394029022006,42.7963124550499
"Rho","S4P7D","Amb","Con","10_20",1138.9,30.76,0.791,30.028,2.379713914,1111.797438,0.000711461,0.711460535,"S4",20,2.347,2.76412883652583,0.932394029022006,42.7963124550499
"Rho","S5P2D","Amb","Con","0_10",988.1,25.37,1.207,24.615,2.975955853,958.6945802,0.001259004,1.259003675,"S5",10,1.207,2.76412883652583,0.932394029022006,42.7963124550499
"Rho","S5P2D","Amb","Con","10_20",1263.1,34.17,0.531,33.144,3.002633889,1225.173731,0.000433408,0.433407921,"S5",20,1.738,2.76412883652583,0.932394029022006,42.7963124550499
"Rho","S6P8D","Amb","Con","0_10",1083.6,37.96,1.712,36.852,2.91886196,1051.971212,0.001627421,1.627420961,"S6",10,1.712,2.76412883652583,0.932394029022006,42.7963124550499
"Rho","S6P8D","Amb","Con","10_20",1268.8,32.89,0.459,31.86,3.131650958,1229.065613,0.000373454,0.373454432,"S6",20,2.171,2.76412883652583,0.932394029022006,42.7963124550499
"DigBis","S1P7A","Amb","Drt","0_10",902.4,25.7,1.323,25.17,2.062256809,883.7901946,0.001496962,1.496961618,"S1",10,1.323,2.94358999706473,0.942642012005634,50.7160733165407
"DigBis","S1P7A","Amb","Drt","10_20",1321.2,30.22,0.814,29.511,2.346128392,1290.202952,0.000630908,0.630908493,"S1",20,2.137,2.94358999706473,0.942642012005634,50.7160733165407
"DigBis","S2P2C","Amb","Drt","0_10",992.9,23.92,1.577,23.611,1.29180602,980.073658,0.001609063,1.609062734,"S2",10,1.577,2.94358999706473,0.942642012005634,50.7160733165407
"DigBis","S2P2C","Amb","Drt","10_20",1062.5,34.44,0.727,33.602,2.433217189,1036.647067,0.000701299,0.701299432,"S2",20,2.304,2.94358999706473,0.942642012005634,50.7160733165407
"DigBis","S3P7C","Amb","Drt","0_10",1068.4,24.2,0.552,23.812,1.603305785,1051.270281,0.000525079,0.52507905,"S3",10,0.552,2.94358999706473,0.942642012005634,50.7160733165407
"DigBis","S3P7C","Amb","Drt","10_20",1174.1,27.94,0.38,27.466,1.696492484,1154.181482,0.000329238,0.329237651,"S3",20,0.932,2.94358999706473,0.942642012005634,50.7160733165407
"DigBis","S4P8A","Amb","Drt","0_10",1026.4,26.42,1.861,25.915,1.911430734,1006.781075,0.001848465,1.848465417,"S4",10,1.861,2.94358999706473,0.942642012005634,50.7160733165407
"DigBis","S4P8A","Amb","Drt","10_20",1250.7,33.69,0.804,33.244,1.323834966,1234.142796,0.000651464,0.651464322,"S4",20,2.665,2.94358999706473,0.942642012005634,50.7160733165407
"DigBis","S5P1D","Amb","Drt","0_10",1008.2,31.16,1.126,30.709,1.447368421,993.6076316,0.001133244,1.133244114,"S5",10,1.126,2.94358999706473,0.942642012005634,50.7160733165407
"DigBis","S5P1D","Amb","Drt","10_20",1387.3,31.94,0.881,31.383,1.743894803,1363.106947,0.000646318,0.646317592,"S5",20,2.007,2.94358999706473,0.942642012005634,50.7160733165407
"DigBis","S6P7C","Amb","Drt","0_10",1102.9,28.46,1.439,27.96,1.756851722,1083.523682,0.001328074,1.328074341,"S6",10,1.439,2.94358999706473,0.942642012005634,50.7160733165407
"DigBis","S6P7C","Amb","Drt","10_20",1242.8,26.1,0.758,25.58,1.992337165,1218.039234,0.000622312,0.622311646,"S6",20,2.197,2.94358999706473,0.942642012005634,50.7160733165407
"DigBis","S1P8C","Amb","Con","0_10",965.9,28.63,1.146,27.396,4.310164163,924.2681243,0.0012399,1.239899949,"S1",10,1.146,3.28691811175168,0.932213697877076,42.6783823842788
"DigBis","S1P8C","Amb","Con","10_20",1148.8,20.9,0.818,20.273,3,1114.336,0.000734069,0.734069437,"S1",20,1.964,3.28691811175168,0.932213697877076,42.6783823842788
"DigBis","S2P1B","Amb","Con","0_10",1044.7,25.03,1.89,24.223,3.224131043,1011.017503,0.001869404,1.869403838,"S2",10,1.89,3.28691811175168,0.932213697877076,42.6783823842788
"DigBis","S2P1B","Amb","Con","10_20",1086.3,30.59,1.051,29.866,2.366786532,1060.589598,0.000990958,0.990958239,"S2",20,2.941,3.28691811175168,0.932213697877076,42.6783823842788
"DigBis","S3P8A","Amb","Con","0_10",909.3,32.75,2.064,31.405,4.106870229,871.956229,0.002367091,2.367091296,"S3",10,2.064,3.28691811175168,0.932213697877076,42.6783823842788
"DigBis","S3P8A","Amb","Con","10_20",1247.3,28.45,1.075,27.957,1.732864675,1225.685979,0.00087706,0.877059882,"S3",20,3.139,3.28691811175168,0.932213697877076,42.6783823842788
"DigBis","S4P7C","Amb","Con","0_10",1154.5,31.35,2.101,29.989,4.341307815,1104.379601,0.001902426,1.902425577,"S4",10,2.101,3.28691811175168,0.932213697877076,42.6783823842788
"DigBis","S4P7C","Amb","Con","10_20",1039.3,34.44,0.66,33.875,1.640534262,1022.249927,0.000645635,0.645634675,"S4",20,2.761,3.28691811175168,0.932213697877076,42.6783823842788
"DigBis","S5P2C","Amb","Con","0_10",1053.7,31.51,1.443,30.194,4.17645192,1009.692726,0.001429148,1.429147663,"S5",10,1.443,3.28691811175168,0.932213697877076,42.6783823842788
"DigBis","S5P2C","Amb","Con","10_20",1159.6,24.27,0.608,23.839,1.775854965,1139.007186,0.000533798,0.533798213,"S5",20,2.051,3.28691811175168,0.932213697877076,42.6783823842788
"DigBis","S6P8A","Amb","Con","0_10",1049.8,30.49,1.303,29.546,3.096097081,1017.297173,0.001280845,1.280845003,"S6",10,1.303,3.28691811175168,0.932213697877076,42.6783823842788
"DigBis","S6P8A","Amb","Con","10_20",1005.7,18.58,0.718,18.355,1.210979548,993.5211787,0.000722682,0.722682128,"S6",20,2.021,3.28691811175168,0.932213697877076,42.6783823842788
"Pha","S1P1D","Amb","Drt","0_10",993.7,22.08,0.914,21.833,1.11865942,982.5838813,0.0009302,0.930200482,"S1",10,0.914,2.14804317759418,0.935368430125607,44.8363681896884
"Pha","S1P1D","Amb","Drt","10_20",1311,33.02,0.747,32.527,1.493034525,1291.426317,0.00057843,0.578430213,"S1",20,1.661,2.14804317759418,0.935368430125607,44.8363681896884
"Pha","S2P7A","Amb","Drt","0_10",884.5,31.86,1.055,31.644,0.677966102,878.5033898,0.001200906,1.200906009,"S2",10,1.055,2.14804317759418,0.935368430125607,44.8363681896884
"Pha","S2P7A","Amb","Drt","10_20",1415.7,35.06,0.426,34.437,1.776953793,1390.543665,0.000306355,0.306354997,"S2",20,1.481,2.14804317759418,0.935368430125607,44.8363681896884
"Pha","S3P2C","Amb","Drt","0_10",938.1,28.68,1.65,28.353,1.140167364,927.40409,0.00177916,1.779159719,"S3",10,1.65,2.14804317759418,0.935368430125607,44.8363681896884
"Pha","S3P2C","Amb","Drt","10_20",1290,30.59,0.543,29.961,2.056227525,1263.474665,0.000429767,0.429767225,"S3",20,2.193,2.14804317759418,0.935368430125607,44.8363681896884
"Pha","S4P2A","Amb","Drt","0_10",957.4,26.64,0.719,26.421,0.822072072,949.529482,0.000757217,0.757217141,"S4",10,0.719,2.14804317759418,0.935368430125607,44.8363681896884
"Pha","S4P2A","Amb","Drt","10_20",1329.2,38.45,0.605,37.992,1.191157347,1313.367137,0.000460648,0.460648042,"S4",20,1.324,2.14804317759418,0.935368430125607,44.8363681896884
"Pha","S5P7B","Amb","Drt","0_10",1010.6,29.39,0.523,29.154,0.802994216,1002.48494,0.000521704,0.521703598,"S5",10,0.523,2.14804317759418,0.935368430125607,44.8363681896884
"Pha","S5P7B","Amb","Drt","10_20",1313.8,33.82,0.508,33.133,2.031342401,1287.112224,0.000394682,0.394681979,"S5",20,1.031,2.14804317759418,0.935368430125607,44.8363681896884
"Pha","S6P2C","Amb","Drt","0_10",1032.8,23.09,1.42,22.632,1.983542659,1012.313971,0.001402727,1.402726862,"S6",10,1.42,2.14804317759418,0.935368430125607,44.8363681896884
"Pha","S6P2C","Amb","Drt","10_20",1276.7,36.81,0.391,36.245,1.534908992,1257.103817,0.000311032,0.311032386,"S6",20,1.811,2.14804317759418,0.935368430125607,44.8363681896884
"Pha","S1P2A","Amb","Con","0_10",993.1,26.27,1.574,25.749,1.983250856,973.4043357,0.001617005,1.617005331,"S1",10,1.574,2.42695130427877,0.949114753859336,57.3614123042191
"Pha","S1P2A","Amb","Con","10_20",1297.6,40.32,1.091,39.369,2.358630952,1266.994405,0.000861093,0.86109299,"S1",20,2.665,2.42695130427877,0.949114753859336,57.3614123042191
"Pha","S2P8B","Amb","Con","0_10",1036.2,29.37,0.769,28.718,2.219952332,1013.196854,0.000758984,0.758983802,"S2",10,0.769,2.42695130427877,0.949114753859336,57.3614123042191
"Pha","S2P8B","Amb","Con","10_20",1258,38.33,0.55,37.651,1.771458388,1235.715053,0.000445086,0.445086429,"S2",20,1.319,2.42695130427877,0.949114753859336,57.3614123042191
"Pha","S3P1C","Amb","Con","0_10",980.7,34.24,1.347,33.768,1.378504673,967.1810047,0.001392707,1.392707253,"S3",10,1.347,2.42695130427877,0.949114753859336,57.3614123042191
"Pha","S3P1C","Amb","Con","10_20",1269,30.92,0.507,30.116,2.600258732,1236.002717,0.000410193,0.410193273,"S3",20,1.854,2.42695130427877,0.949114753859336,57.3614123042191
"Pha","S4P1A","Amb","Con","0_10",993.6,26.95,1.003,26.321,2.333951763,970.4098553,0.001033584,1.033583897,"S4",10,1.003,2.42695130427877,0.949114753859336,57.3614123042191
"Pha","S4P1A","Amb","Con","10_20",1111.9,41.88,0.904,40.717,2.776981853,1081.022739,0.000836245,0.836245129,"S4",20,1.907,2.42695130427877,0.949114753859336,57.3614123042191
"Pha","S5P8C","Amb","Con","0_10",1010,35.81,0.776,35.128,1.904495951,990.7645909,0.000783233,0.783233482,"S5",10,0.776,2.42695130427877,0.949114753859336,57.3614123042191
"Pha","S5P8C","Amb","Con","10_20",1202.1,39.49,0.24,38.849,1.623195746,1182.587564,0.000202945,0.202944803,"S5",20,1.016,2.42695130427877,0.949114753859336,57.3614123042191
"Pha","S6P1A","Amb","Con","0_10",993.6,28.78,0.455,28.123,2.282835302,970.9177484,0.000468629,0.46862878,"S6",10,0.455,2.42695130427877,0.949114753859336,57.3614123042191
"Pha","S6P1A","Amb","Con","10_20",1125.8,33.73,0.222,33.27,1.363771124,1110.446665,0.00019992,0.199919552,"S6",20,0.677,2.42695130427877,0.949114753859336,57.3614123042191
"PhaSub","S1P3A","Amb","Drt","0_10",1000.8,40.54,0.681,39.574,2.382831771,976.9526196,0.000697066,0.697065535,"S1",10,0.681,1.83243348744673,0.947816117296257,55.8959871131068
"PhaSub","S1P3A","Amb","Drt","10_20",1394.4,37.98,0.601,36.833,3.020010532,1352.288973,0.000444432,0.444431635,"S1",20,1.282,1.83243348744673,0.947816117296257,55.8959871131068
"PhaSub","S1P5D","eT","Drt","0_10",983.8,47.86,0.906,46.871,2.066443794,963.470326,0.000940351,0.940350705,"S1",10,0.906,1.83243348744673,0.947816117296257,55.8959871131068
"PhaSub","S1P5D","eT","Drt","10_20",1285.8,34.07,0.727,33.18,2.612268858,1252.211447,0.000580573,0.580572875,"S1",20,1.633,1.83243348744673,0.947816117296257,55.8959871131068
"PhaSub","S2P3A","eT","Drt","0_10",966.8,24.26,0.657,23.87,1.607584501,951.257873,0.000690664,0.690664455,"S2",10,0.657,1.83243348744673,0.947816117296257,55.8959871131068
"PhaSub","S2P3A","eT","Drt","10_20",1413.5,30.39,0.373,29.696,2.283645936,1381.220665,0.000270051,0.270050984,"S2",20,1.03,1.83243348744673,0.947816117296257,55.8959871131068
"PhaSub","S2P4B","Amb","Drt","0_10",1001.3,38.87,1.092,38.088,2.01183432,981.155503,0.001112973,1.112973424,"S2",10,1.092,1.83243348744673,0.947816117296257,55.8959871131068
"PhaSub","S2P4B","Amb","Drt","10_20",1195.7,43.6,0.573,42.533,2.447247706,1166.438259,0.000491239,0.491239031,"S2",20,1.665,1.83243348744673,0.947816117296257,55.8959871131068
"PhaSub","S3P5A","eT","Drt","0_10",1010.2,28.28,0.609,27.724,1.966053748,990.338925,0.000614941,0.614940991,"S3",10,0.609,1.83243348744673,0.947816117296257,55.8959871131068
"PhaSub","S3P5A","eT","Drt","10_20",1396.8,29.37,0.599,28.661,2.41402792,1363.080858,0.000439446,0.439445684,"S3",20,1.208,1.83243348744673,0.947816117296257,55.8959871131068
"PhaSub","S3P6A","Amb","Drt","0_10",953.8,41.51,0.8,40.347,2.801734522,927.0770561,0.000862927,0.862927191,"S3",10,0.8,1.83243348744673,0.947816117296257,55.8959871131068
"PhaSub","S3P6A","Amb","Drt","10_20",1306.4,32.06,0.57,31.147,2.847785402,1269.196532,0.000449103,0.449103024,"S3",20,1.37,1.83243348744673,0.947816117296257,55.8959871131068
"PhaSub","S4P4A","Amb","Drt","0_10",860.1,24.8,0.68,24.338,1.862903226,844.0771694,0.000805614,0.805613544,"S4",10,0.68,1.83243348744673,0.947816117296257,55.8959871131068
"PhaSub","S4P4A","Amb","Drt","10_20",1360,36.52,0.259,35.63,2.437020811,1326.856517,0.000195198,0.195198197,"S4",20,0.939,1.83243348744673,0.947816117296257,55.8959871131068
"PhaSub","S4P6C","eT","Drt","0_10",1037.5,28.5,0.543,28.071,1.505263158,1021.882895,0.000531372,0.531372042,"S4",10,0.543,1.83243348744673,0.947816117296257,55.8959871131068
"PhaSub","S4P6C","eT","Drt","10_20",1335.5,32.92,0.359,32.354,1.719319563,1312.538487,0.000273516,0.273515789,"S4",20,0.902,1.83243348744673,0.947816117296257,55.8959871131068
"PhaSub","S5P4B","Amb","Drt","0_10",1037.9,28.77,0.903,28.28,1.703163017,1020.222871,0.000885101,0.885100722,"S5",10,0.903,1.83243348744673,0.947816117296257,55.8959871131068
"PhaSub","S5P4B","Amb","Drt","10_20",1338.1,46.76,0.448,45.903,1.832763045,1313.575798,0.000341054,0.341053787,"S5",20,1.351,1.83243348744673,0.947816117296257,55.8959871131068
"PhaSub","S5P5C","eT","Drt","0_10",951.6,33.11,0.65,32.688,1.274539414,939.4714829,0.000691878,0.691878372,"S5",10,0.65,1.83243348744673,0.947816117296257,55.8959871131068
"PhaSub","S5P5C","eT","Drt","10_20",1466.5,33.86,0.197,33.176,2.020082693,1436.875487,0.000137103,0.137103042,"S5",20,0.847,1.83243348744673,0.947816117296257,55.8959871131068
"PhaSub","S6P3C","eT","Drt","0_10",1057.8,23.5,0.717,23.13,1.574468085,1041.145277,0.000688665,0.6886647,"S6",10,0.717,1.83243348744673,0.947816117296257,55.8959871131068
"PhaSub","S6P3C","eT","Drt","10_20",1338,32.16,0.261,31.586,1.784825871,1314.11903,0.000198612,0.198612146,"S6",20,0.978,1.83243348744673,0.947816117296257,55.8959871131068
"PhaSub","S6P6C","Amb","Drt","0_10",1004.4,23.87,0.885,23.415,1.906158358,985.2545455,0.000898245,0.898245031,"S6",10,0.885,1.83243348744673,0.947816117296257,55.8959871131068
"PhaSub","S6P6C","Amb","Drt","10_20",1377.5,37.52,0.371,36.778,1.97761194,1350.258396,0.000274762,0.274762224,"S6",20,1.256,1.83243348744673,0.947816117296257,55.8959871131068
"PhaSub","S1P4B","eT","Con","0_10",988.1,33.38,1.286,32.355,3.070701019,957.7584032,0.001342719,1.342718577,"S1",10,1.286,2.75276382861095,0.954830478035969,64.8125784734266
"PhaSub","S1P4B","eT","Con","10_20",1258.9,37.39,0.532,36.208,3.161273068,1219.102733,0.000436387,0.436386521,"S1",20,1.818,2.75276382861095,0.954830478035969,64.8125784734266
"PhaSub","S1P6D","Amb","Con","0_10",994.1,61.66,1.095,58.392,5.300032436,941.4123776,0.001163146,1.163145956,"S1",10,1.095,2.75276382861095,0.954830478035969,64.8125784734266
"PhaSub","S1P6D","Amb","Con","10_20",1196.8,35.93,1.298,34.545,3.854717506,1150.666741,0.001128042,1.128041642,"S1",20,2.393,2.75276382861095,0.954830478035969,64.8125784734266
"PhaSub","S2P5A","Amb","Con","0_10",1083.3,29.24,0.996,27.956,4.39124487,1035.729644,0.000961641,0.961640912,"S2",10,0.996,2.75276382861095,0.954830478035969,64.8125784734266
"PhaSub","S2P5A","Amb","Con","10_20",1200.1,38.44,1.219,36.931,3.925598335,1152.988894,0.001057252,1.057252161,"S2",20,2.215,2.75276382861095,0.954830478035969,64.8125784734266
"PhaSub","S2P6C","eT","Con","0_10",973.1,29.99,1.834,28.829,3.87129043,935.4284728,0.001960599,1.960598863,"S2",10,1.834,2.75276382861095,0.954830478035969,64.8125784734266
"PhaSub","S2P6C","eT","Con","10_20",1290.1,33.38,0.813,32.283,3.286399041,1247.702166,0.000651598,0.651597811,"S2",20,2.647,2.75276382861095,0.954830478035969,64.8125784734266
"PhaSub","S3P3A","Amb","Con","0_10",1016.3,43.99,0.659,42.552,3.268924756,983.0779177,0.000670344,0.67034361,"S3",10,0.659,2.75276382861095,0.954830478035969,64.8125784734266
"PhaSub","S3P3A","Amb","Con","10_20",1064,40.64,0.296,39.32,3.248031496,1029.440945,0.000287535,0.287534707,"S3",20,0.955,2.75276382861095,0.954830478035969,64.8125784734266
"PhaSub","S3P4D","eT","Con","0_10",960.9,27.63,0.718,26.792,3.032935215,931.7565255,0.000770588,0.770587573,"S3",10,0.718,2.75276382861095,0.954830478035969,64.8125784734266
"PhaSub","S3P4D","eT","Con","10_20",1305.9,33.23,0.301,32.073,3.48179356,1260.431258,0.000238807,0.238807153,"S3",20,1.019,2.75276382861095,0.954830478035969,64.8125784734266
"PhaSub","S4P3C","eT","Con","0_10",962.3,24.6,1.116,23.983,2.508130081,938.1642642,0.001189557,1.189557141,"S4",10,1.116,2.75276382861095,0.954830478035969,64.8125784734266
"PhaSub","S4P3C","eT","Con","10_20",1267.2,38.35,0.658,37.252,2.863102999,1230.918759,0.00053456,0.534560055,"S4",20,1.774,2.75276382861095,0.954830478035969,64.8125784734266
"PhaSub","S4P5B","Amb","Con","0_10",993.6,40.26,0.968,38.831,3.549428713,958.3328763,0.001010087,1.010087438,"S4",10,0.968,2.75276382861095,0.954830478035969,64.8125784734266
"PhaSub","S4P5B","Amb","Con","10_20",1225.6,40.88,0.869,39.59,3.155577299,1186.925245,0.000732144,0.732143835,"S4",20,1.837,2.75276382861095,0.954830478035969,64.8125784734266
"PhaSub","S5P3D","eT","Con","0_10",966,47.42,0.579,45.976,3.045128638,936.5840574,0.000618204,0.618203989,"S5",10,0.579,2.75276382861095,0.954830478035969,64.8125784734266
"PhaSub","S5P3D","eT","Con","10_20",1315.9,47.99,0.376,46.669,2.752656804,1279.677789,0.000293824,0.293823963,"S5",20,0.955,2.75276382861095,0.954830478035969,64.8125784734266
"PhaSub","S5P6D","Amb","Con","0_10",972.1,40.79,1.268,39.765,2.512870802,947.6723829,0.001338015,1.338015144,"S5",10,1.268,2.75276382861095,0.954830478035969,64.8125784734266
"PhaSub","S5P6D","Amb","Con","10_20",1322.3,35.64,0.692,34.824,2.28956229,1292.025118,0.000535593,0.535593303,"S5",20,1.96,2.75276382861095,0.954830478035969,64.8125784734266
"PhaSub","S6P4A","Amb","Con","0_10",1170.5,45.1,1.212,43.718,3.064301552,1134.63235,0.001068187,1.068187417,"S6",10,1.212,2.75276382861095,0.954830478035969,64.8125784734266
"PhaSub","S6P4A","Amb","Con","10_20",1054.7,45.67,0.405,44.484,2.596890738,1027.310593,0.000394233,0.394233256,"S6",20,1.617,2.75276382861095,0.954830478035969,64.8125784734266
"PhaSub","S6P5B","eT","Con","0_10",1053.4,37.13,0.495,36.386,2.003770536,1032.292281,0.000479515,0.479515355,"S6",10,0.495,2.75276382861095,0.954830478035969,64.8125784734266
"PhaSub","S6P5B","eT","Con","10_20",1280.6,34.98,0.242,34.196,2.241280732,1251.898159,0.000193306,0.193306459,"S6",20,0.737,2.75276382861095,0.954830478035969,64.8125784734266
"Wal","S1P1B","Amb","Drt","0_10",954.4,25.68,0.545,25.244,1.697819315,938.1960125,0.000580902,0.580902064,"S1",10,0.545,1.03380654080118,0.940165810239338,48.5539642487746
"Wal","S1P1B","Amb","Drt","10_20",1304.3,30.7,0.416,30.032,2.175895765,1275.919792,0.000326039,0.326039303,"S1",20,0.961,1.03380654080118,0.940165810239338,48.5539642487746
"Wal","S2P7B","Amb","Drt","0_10",980,21.51,0.393,21.155,1.650395165,963.8261274,0.00040775,0.407749893,"S2",10,0.393,1.03380654080118,0.940165810239338,48.5539642487746
"Wal","S2P7B","Amb","Drt","10_20",1273.7,31.19,0.274,30.547,2.061558192,1247.441933,0.00021965,0.219649502,"S2",20,0.667,1.03380654080118,0.940165810239338,48.5539642487746
"Wal","S3P2D","Amb","Drt","0_10",1039.3,26.51,0.541,26.034,1.795548849,1020.638861,0.00053006,0.530060162,"S3",10,0.541,1.03380654080118,0.940165810239338,48.5539642487746
"Wal","S3P2D","Amb","Drt","10_20",1268.1,34.74,0.236,33.96,2.245250432,1239.627979,0.00019038,0.190379698,"S3",20,0.777,1.03380654080118,0.940165810239338,48.5539642487746
"Wal","S4P2D","Amb","Drt","0_10",927.7,26.56,0.558,26.178,1.438253012,914.3573268,0.000610265,0.6102647,"S4",10,0.558,1.03380654080118,0.940165810239338,48.5539642487746
"Wal","S4P2D","Amb","Drt","10_20",1414.1,34.6,0.334,33.873,2.101156069,1384.387552,0.000241262,0.241261921,"S4",20,0.892,1.03380654080118,0.940165810239338,48.5539642487746
"Wal","S5P7D","Amb","Drt","0_10",1098.1,24.21,0.788,23.821,1.60677406,1080.456014,0.000729322,0.729321684,"S5",10,0.788,1.03380654080118,0.940165810239338,48.5539642487746
"Wal","S5P7D","Amb","Drt","10_20",1356.3,34.39,0.179,33.696,2.018028497,1328.929479,0.000134695,0.134694882,"S5",20,0.967,1.03380654080118,0.940165810239338,48.5539642487746
"Wal","S6P2D","Amb","Drt","0_10",1084.1,23.96,0.031,23.601,1.498330551,1067.856598,2.9e-05,0.029030115,"S6",10,0.031,1.03380654080118,0.940165810239338,48.5539642487746
"Wal","S6P2D","Amb","Drt","10_20",1354.9,31.92,0.102,31.302,1.936090226,1328.667914,7.68e-05,0.076768618,"S6",20,0.133,1.03380654080118,0.940165810239338,48.5539642487746
"Wal","S1P2C","Amb","Con","0_10",983.6,34.91,0.544,34.196,2.045259238,963.4828301,0.000564618,0.564618261,"S1",10,0.544,1.49558727775597,0.927166931981688,39.61474253986
"Wal","S1P2C","Amb","Con","10_20",1197.4,38.01,0.186,37.09,2.42041568,1168.417943,0.00015919,0.159189613,"S1",20,0.73,1.49558727775597,0.927166931981688,39.61474253986
"Wal","S2P8C","Amb","Con","0_10",1011.5,28.09,0.304,27.443,2.303310787,988.2020114,0.000307629,0.307629408,"S2",10,0.304,1.49558727775597,0.927166931981688,39.61474253986
"Wal","S2P8C","Amb","Con","10_20",1249.8,37.35,0.291,36.455,2.396251673,1219.851647,0.000238554,0.238553599,"S2",20,0.595,1.49558727775597,0.927166931981688,39.61474253986
"Wal","S3P1B","Amb","Con","0_10",943.9,25.61,0.82,25.08,2.0695041,924.3659508,0.000887095,0.887094553,"S3",10,0.82,1.49558727775597,0.927166931981688,39.61474253986
"Wal","S3P1B","Amb","Con","10_20",1186.4,37.29,0.399,36.325,2.587825154,1155.698042,0.000345246,0.345245891,"S3",20,1.219,1.49558727775597,0.927166931981688,39.61474253986
"Wal","S4P1C","Amb","Con","0_10",890.8,28,0.787,27.597,1.439285714,877.9788429,0.000896377,0.896376953,"S4",10,0.787,1.49558727775597,0.927166931981688,39.61474253986
"Wal","S4P1C","Amb","Con","10_20",1315.1,35.42,0.586,34.819,1.696781479,1292.785627,0.000453285,0.453284743,"S4",20,1.373,1.49558727775597,0.927166931981688,39.61474253986
"Wal","S5P8B","Amb","Con","0_10",1129.7,27.77,1.232,27.191,2.084983795,1106.145938,0.001113777,1.113777086,"S5",10,1.232,1.49558727775597,0.927166931981688,39.61474253986
"Wal","S5P8B","Amb","Con","10_20",1386.6,37,0.382,36.083,2.478378378,1352.234805,0.000282495,0.282495317,"S5",20,1.614,1.49558727775597,0.927166931981688,39.61474253986
"Wal","S6P1D","Amb","Con","0_10",1088.6,28.96,1.074,28.166,2.741712707,1058.753715,0.0010144,1.014400218,"S6",10,1.074,1.49558727775597,0.927166931981688,39.61474253986
"Wal","S6P1D","Amb","Con","10_20",1270.7,40.56,0.391,39.542,2.509861933,1238.807184,0.000315626,0.315626197,"S6",20,1.465,1.49558727775597,0.927166931981688,39.61474253986
"Fes","S1P3C","Amb","Drt","0_10",934.5,25.46,1.4,24.969,1.928515318,916.4780244,0.001527587,1.527587092,"S1",10,1.4,1.32493340002317,0.904468576450756,29.835677873824
"Fes","S1P3C","Amb","Drt","10_20",1219.8,30.14,0.713,29.479,2.193098872,1193.04858,0.000597629,0.59762864,"S1",20,2.113,1.32493340002317,0.904468576450756,29.835677873824
"Fes","S1P5C","eT","Drt","0_10",943.8,38.57,0.731,37.532,2.691210786,918.4003526,0.000795949,0.795949172,"S1",10,0.731,1.32493340002317,0.904468576450756,29.835677873824
"Fes","S1P5C","eT","Drt","10_20",1174.9,32.38,0.341,31.68,2.161828289,1149.500679,0.000296651,0.296650542,"S1",20,1.072,1.32493340002317,0.904468576450756,29.835677873824
"Fes","S2P3C","eT","Drt","0_10",990.3,24.19,0.521,23.783,1.682513435,973.6380695,0.000535106,0.535106439,"S2",10,0.521,1.32493340002317,0.904468576450756,29.835677873824
"Fes","S2P3C","eT","Drt","10_20",1254.7,28.19,0.172,27.651,1.912025541,1230.709816,0.000139757,0.139756747,"S2",20,0.693,1.32493340002317,0.904468576450756,29.835677873824
"Fes","S2P4C","Amb","Drt","0_10",1048.2,27.43,2.315,26.788,2.340503099,1023.666847,0.002261478,2.261477948,"S2",10,2.315,1.32493340002317,0.904468576450756,29.835677873824
"Fes","S2P4C","Amb","Drt","10_20",1062.9,30.29,0.553,29.601,2.274678112,1038.722446,0.000532385,0.53238476,"S2",20,2.868,1.32493340002317,0.904468576450756,29.835677873824
"Fes","S3P5D","eT","Drt","0_10",936.7,36.39,0.315,35.384,2.764495741,910.8049684,0.000345848,0.345847916,"S3",10,0.315,1.32493340002317,0.904468576450756,29.835677873824
"Fes","S3P5D","eT","Drt","10_20",1223.6,27.73,0.137,27.131,2.160115398,1197.168828,0.000114437,0.114436658,"S3",20,0.452,1.32493340002317,0.904468576450756,29.835677873824
"Fes","S3P6B","Amb","Drt","0_10",1002.2,32.03,0.849,31.09,2.934748673,972.7879488,0.000872749,0.872749299,"S3",10,0.849,1.32493340002317,0.904468576450756,29.835677873824
"Fes","S3P6B","Amb","Drt","10_20",1233.5,26.42,0.323,25.901,1.964420893,1209.268868,0.000267104,0.267103544,"S3",20,1.172,1.32493340002317,0.904468576450756,29.835677873824
"Fes","S4P4C","Amb","Drt","0_10",991.9,26.74,0.582,26.325,1.551982049,976.5058901,0.000596003,0.596002549,"S4",10,0.582,1.32493340002317,0.904468576450756,29.835677873824
"Fes","S4P4C","Amb","Drt","10_20",1145.4,19.85,0.315,19.678,0.866498741,1135.475123,0.000277417,0.27741691,"S4",20,0.897,1.32493340002317,0.904468576450756,29.835677873824
"Fes","S4P6A","eT","Drt","0_10",971.1,24.3,0.62,24.068,0.95473251,961.8285926,0.000644605,0.644605499,"S4",10,0.62,1.32493340002317,0.904468576450756,29.835677873824
"Fes","S4P6A","eT","Drt","10_20",1311.9,31.55,0.155,31.133,1.321711569,1294.560466,0.000119732,0.119731758,"S4",20,0.775,1.32493340002317,0.904468576450756,29.835677873824
"Fes","S5P4A","Amb","Drt","0_10",1025.1,26.75,0.759,26.138,2.287850467,1001.647245,0.000757752,0.757751797,"S5",10,0.759,1.32493340002317,0.904468576450756,29.835677873824
"Fes","S5P4A","Amb","Drt","10_20",1202.4,32.28,0.254,31.779,1.55204461,1183.738216,0.000214574,0.21457447,"S5",20,1.013,1.32493340002317,0.904468576450756,29.835677873824
"Fes","S5P5D","eT","Drt","0_10",1074.5,29.61,0.267,29.308,1.019925701,1063.540898,0.000251048,0.251048174,"S5",10,0.267,1.32493340002317,0.904468576450756,29.835677873824
"Fes","S5P5D","eT","Drt","10_20",1309,32.11,0.092,31.633,1.48551853,1289.554562,7.13e-05,0.071342464,"S5",20,0.359,1.32493340002317,0.904468576450756,29.835677873824
"Fes","S6P3D","eT","Drt","0_10",1005.6,29.9,0.781,29.382,1.732441472,988.1785686,0.000790343,0.790342985,"S6",10,0.781,1.32493340002317,0.904468576450756,29.835677873824
"Fes","S6P3D","eT","Drt","10_20",1250.1,29.26,0.267,28.809,1.541353383,1230.831541,0.000216927,0.216926518,"S6",20,1.048,1.32493340002317,0.904468576450756,29.835677873824
"Fes","S6P6B","Amb","Drt","0_10",1033,26.94,0.934,26.785,0.575352635,1027.056607,0.000909395,0.90939486,"S6",10,0.934,1.32493340002317,0.904468576450756,29.835677873824
"Fes","S6P6B","Amb","Drt","10_20",1178.8,32.13,0.369,31.659,1.465919701,1161.519739,0.000317687,0.31768724,"S6",20,1.303,1.32493340002317,0.904468576450756,29.835677873824
"Fes","S1P4A","eT","Con","0_10",1040.4,31.64,0.573,29.571,6.539190898,972.3662579,0.000589284,0.589284126,"S1",10,0.573,2.59859079724244,0.950475300390787,58.9791148549227
"Fes","S1P4A","eT","Con","10_20",1103.8,33.94,0.399,32.973,2.849145551,1072.351131,0.00037208,0.372079619,"S1",20,0.972,2.59859079724244,0.950475300390787,58.9791148549227
"Fes","S1P6B","Amb","Con","0_10",1053.3,37.89,1.272,35,7.627342307,972.9612035,0.001307349,1.307349148,"S1",10,1.272,2.59859079724244,0.950475300390787,58.9791148549227
"Fes","S1P6B","Amb","Con","10_20",1197.8,31.54,0.654,30.616,2.92961319,1162.709093,0.000562479,0.562479475,"S1",20,1.926,2.59859079724244,0.950475300390787,58.9791148549227
"Fes","S2P5B","Amb","Con","0_10",1054.9,27.18,1.205,25.454,6.350257542,987.9111332,0.001219745,1.219745339,"S2",10,1.205,2.59859079724244,0.950475300390787,58.9791148549227
"Fes","S2P5B","Amb","Con","10_20",1118.1,31.58,1.396,30.649,2.948068398,1085.137647,0.001286473,1.286472738,"S2",20,2.601,2.59859079724244,0.950475300390787,58.9791148549227
"Fes","S2P6D","eT","Con","0_10",978.6,27.72,1.081,26.116,5.786435786,921.9739394,0.001172484,1.172484334,"S2",10,1.081,2.59859079724244,0.950475300390787,58.9791148549227
"Fes","S2P6D","eT","Con","10_20",1019.6,32.47,0.95,31.536,2.876501386,990.2711919,0.000959333,0.959333168,"S2",20,2.031,2.59859079724244,0.950475300390787,58.9791148549227
"Fes","S3P3D","Amb","Con","0_10",1060.5,25.94,1.944,24.148,6.908249807,987.2380108,0.00196913,1.969130016,"S3",10,1.944,2.59859079724244,0.950475300390787,58.9791148549227
"Fes","S3P3D","Amb","Con","10_20",1177.6,28.52,0.513,27.626,3.134642356,1140.686452,0.000449729,0.449729195,"S3",20,2.457,2.59859079724244,0.950475300390787,58.9791148549227
"Fes","S3P4B","eT","Con","0_10",1032.5,28.29,0.819,26.236,7.260516083,957.5351714,0.000855321,0.855321062,"S3",10,0.819,2.59859079724244,0.950475300390787,58.9791148549227
"Fes","S3P4B","eT","Con","10_20",1141.9,27.55,0.241,26.848,2.548094374,1112.80331,0.00021657,0.216570168,"S3",20,1.06,2.59859079724244,0.950475300390787,58.9791148549227
"Fes","S4P3B","eT","Con","0_10",967.2,30.99,0.538,30.285,2.274927396,945.1969022,0.000569194,0.569193571,"S4",10,0.538,2.59859079724244,0.950475300390787,58.9791148549227
"Fes","S4P3B","eT","Con","10_20",1209.2,31.07,0.284,31.06,0.032185388,1208.810814,0.000234942,0.234941644,"S4",20,0.822,2.59859079724244,0.950475300390787,58.9791148549227
"Fes","S4P5A","Amb","Con","0_10",1076.7,33.37,0.396,32.079,3.868744381,1035.045229,0.000382592,0.382591976,"S4",10,0.396,2.59859079724244,0.950475300390787,58.9791148549227
"Fes","S4P5A","Amb","Con","10_20",1123.6,40.07,0.264,39.216,2.131270277,1099.653047,0.000240076,0.240075723,"S4",20,0.66,2.59859079724244,0.950475300390787,58.9791148549227
"Fes","S5P3A","eT","Con","0_10",1040.3,28.76,0.775,27.366,4.847009736,989.8765577,0.000782926,0.782925905,"S5",10,0.775,2.59859079724244,0.950475300390787,58.9791148549227
"Fes","S5P3A","eT","Con","10_20",1096.4,26.3,0.232,25.888,1.566539924,1079.224456,0.000214969,0.214969183,"S5",20,1.007,2.59859079724244,0.950475300390787,58.9791148549227
"Fes","S5P6C","Amb","Con","0_10",1017.5,38.35,1.572,36.286,5.382007823,962.7380704,0.001632843,1.632842876,"S5",10,1.572,2.59859079724244,0.950475300390787,58.9791148549227
"Fes","S5P6C","Amb","Con","10_20",1116.3,22.5,1.592,22.161,1.506666667,1099.48108,0.001447956,1.447955794,"S5",20,3.164,2.59859079724244,0.950475300390787,58.9791148549227
"Fes","S6P4C","Amb","Con","0_10",1145.4,40.12,1.68,38.219,4.738285145,1091.127682,0.001539691,1.539691484,"S6",10,1.68,2.59859079724244,0.950475300390787,58.9791148549227
"Fes","S6P4C","Amb","Con","10_20",1055.6,28.47,0.739,27.896,2.016157359,1034.317443,0.000714481,0.714480844,"S6",20,2.419,2.59859079724244,0.950475300390787,58.9791148549227
"Fes","S6P5D","eT","Con","0_10",1110.3,42.09,0.564,39.686,5.711570444,1046.884433,0.000538741,0.538741414,"S6",10,0.564,2.59859079724244,0.950475300390787,58.9791148549227
"Fes","S6P5D","eT","Con","10_20",1092.8,23.75,0.209,23.24,2.147368421,1069.333558,0.000195449,0.195448837,"S6",20,0.773,2.59859079724244,0.950475300390787,58.9791148549227
